,CL:0000057,CL:0000084,CL:0000115,CL:0000182,CL:0000232,CL:0000235,CL:0000576,CL:0000775,CL:0000786,CL:0000814,CL:0002538,CL:1000398,CL:2000055,CL:0000064,CL:0000097,CL:0000151,CL:0000160,CL:0000192,CL:0000236,CL:0000319,CL:0000624,CL:0000625,CL:0000646,CL:0002320,CL:0005006,CL:1000329,CL:1000330,CL:0000037,CL:0000049,CL:0000094,CL:0000233,CL:0000767,CL:0000784,CL:0000787,CL:0000788,CL:0000860,CL:0000875,CL:0000895,CL:0000897,CL:0000908,CL:0000921,CL:0000980,CL:0002394,CL:0000499,CL:0000815,CL:0000841,CL:0000909,CL:0001044,CL:0001050,CL:0001065,CL:0002393,CL:0002399,CL:0000068,CL:0000185,CL:0000492,CL:0000669,CL:0002138,CL:0002503,CL:0002623,CL:0009005,CL:0000900,CL:0000066,CL:0000312,CL:0000738,CL:0002144,CL:0002543,CL:0002573,CL:0002673,CL:1000413,CL:0000359,CL:0002326,CL:4006000,CL:0000067,CL:0002149,CL:0002366,CL:0000034,CL:0000114,CL:0000129,CL:0000136,CL:0000148,CL:0000287,CL:0000451,CL:0000575,CL:0000636,CL:0000681,CL:0000748,CL:0000764,CL:0002303,CL:0002363,CL:0002585,CL:0002586,CL:1000432,CL:1000436,CL:0000134,CL:0000186,CL:0000187,CL:0000188,CL:0000453,CL:0000794,CL:0000038,CL:0000746,CL:0002548,CL:0010008,CL:0000169,CL:0000171,CL:0000763,CL:0002064,CL:0002079,CL:0002275,CL:0002410,CL:0000019,CL:0000158,CL:0002340,CL:0002341,CL:0000077,CL:0000189,CL:0000190,CL:0000388,CL:0002139,CL:0008011,CL:0000807,CL:0000808,CL:0000823,CL:0000893,CL:0000894,CL:0002038,CL:0002365,CL:0002677,CL:1001428,CL:0000131,CL:0000584,CL:0002071,CL:0002250,CL:0009009,CL:0009011,CL:0009016,CL:0019032,CL:1000320,CL:1001516,CL:0000071,CL:0002062,CL:0002063,CL:0002370,CL:0002598,CL:0017000,CL:1000271,CL:1000331,CL:2000016,CL:0009012,CL:0009017,CL:1000334,CL:1000343,CL:1000495,CL:1001589,CL:0002518
CL:0000019,0.6841231353351105,0.6117278053589982,0.7401959792049105,,,0.7889918163428071,0.69647919237963,0.6394194641224025,,0.6945572422326305,,,,,0.4886639977683337,,,0.7474236633976512,,,,0.6857873943423982,,,,,,,,,,,,,,,,,,,,,,0.3645289825946568,,,,,,,,,,,,,,,,,,0.14242012464078027,,,,,,,,,,,,,,,,,,,,,,,,,,,,,,,,,,,,,,0.45726678407686683,,,,,,0.7360070509895567,,,,,0.0,0.43721182696514715,0.62659823302009,0.31884603698133,,,,,,,,,,,,,,,,,,,,,,,,,,,,,,,,,,,,,,,,,
CL:0000034,0.5042272536331202,0.5881424148051,0.6054629411210338,,,0.7687630516676538,0.6452964295102785,,0.3981501377538764,,,,,,0.45016582910605246,,,,0.4184334445798081,,0.30909252192146547,0.4263344140734333,,,,,,,,,,,,,,,,,,,,,,0.6999683501484144,,,,,,,,,,,,,,,,,,,,,,,,,,,,,,,,0.0,0.34144549897732535,0.7634596413044442,0.3176189764757611,0.4563544398638492,0.6018776791782992,0.6373054178723078,0.20102003237754973,0.68499982372815,0.0752460632936708,0.35254746529220465,0.2990187663213145,0.3383260006960437,0.660376474353917,0.6099834099032413,0.7131458118799611,0.14077820358772747,0.5296256915781794,,,,,,,,,,,,,,,,,,,,,,,,,,,,,,,,,,,,,,,,,,,,,,,,,,,,,,,,,,,,,,
CL:0000037,,0.2418398163641244,0.20597980358488693,,0.6185466579277141,0.4355353163983021,0.3252721945350973,0.5821719482938854,0.49282494033023627,0.1859337194397333,,,,,0.3889551500148472,,,,0.179562594695117,,0.19048409473718117,0.16987298351821023,,,,,,0.0,0.12356519312969963,0.22031209545564523,0.4401621216233228,0.04262224982599114,0.2632552828397528,0.283865860220929,0.39309313592096917,0.42506426495750166,0.4997815799991233,0.19105694814909993,0.17980436556510485,0.15986521275442495,0.17577180978934334,0.43347752234410647,0.2068280850998676,0.5256863697673149,0.1839834288537767,0.16956501717761635,0.21218612249554922,0.20388659925584207,0.27372178608592007,0.17811187289094121,0.43175767598056786,0.38244760695725066,,,,,,,,,0.16884308336682227,,,,,,,,,,,,,,,,,,,,,,,,,,,,,,,,,,,,,,,0.32770238627625725,,,,,,,,,,,,,,,,,,,,,,,,,,,,,,,,,,,,,,,,,,,,,,,,,,,,,,,
CL:0000038,0.7583140386523075,0.6559728127152932,0.8298381437607917,,0.5936554782501711,0.6306217220239161,0.5720003976002977,0.7147660850504132,0.7128228742529465,0.575441295370523,,,,,0.5976310576309607,,,0.8246836940092388,,,0.36169799872138425,0.5701895191570736,,,,,,0.2954691594779804,0.2579455429521071,0.30078039648477445,,,,0.4863208543443465,0.6360178996533412,,,,,,,0.4546505732864214,,0.35287436933531713,,,,,,,,,,,,,,,,,,0.5557860889533669,,,,,,,,,,,,,,,,,,,,,,,,,,,,,,,,,,,,,,0.0,,,,,,0.8006784247358134,,,,,0.5086709144471214,0.5776785469872491,0.7312267580267743,0.5804246254618782,,,,,,,,,,,,,,,,,,,,,,,,,,,,,,,,,,,,,,,,,
CL:0000049,,0.2830199081023288,,,0.6237727436990511,0.3808051342263232,0.34437984448624154,0.6467300334246031,0.6784189777969987,0.22175132200907866,,,,,,,,,,,0.24128269781496176,0.22105204789654226,,,,,,0.12226677535893504,0.0,0.21871367841225858,0.7569189543232451,0.10794863636685857,0.2758651144116421,0.46144647309669096,0.5917055146277022,0.4271147953452462,0.4419223379740766,0.1918843829295179,0.15010044823938962,0.18841152663197913,0.18641469054332863,0.5031507279244222,0.10668587346358302,,,,,,,,,,,,,,,,,,,,,,,,,,,,,,,,,,,,,,,,,,,,,,,,,,,,,,,,,0.27963196137304325,,,,,,,,,,,,,,,,,,,,,,,,,,,,,,,,,,,,,,,,,,,,,,,,,,,,,,,
CL:0000057,0.0,0.69351144617039,0.597030681301832,0.8926334064476031,0.8595996673828376,0.7419695618345222,0.7607253961325654,0.8742068034741632,0.7054960852650779,0.7066407610274841,0.8451755393401919,0.6430570381854005,0.8186980647644264,0.7981304320858996,0.7330178714810884,0.7517190314738347,0.9411063421444132,0.5258114837091415,0.6713297956090168,0.8072914490374126,0.818933928292879,0.8367896412114417,0.8278327697423571,0.1990234379898101,0.7323252563385221,0.8504179060679302,0.810687552674417,,,,,0.7974615838377694,0.6576774632818209,0.7591501933596657,0.7619739905281315,0.7843767122529332,0.7458138321080634,,,,,,,0.752886301661591,,,,0.7668513056452695,0.7751225424144393,0.6653106381596094,0.7708028460077851,,0.8365752948232956,0.8432000095303008,0.762586625211896,0.5576381095161523,0.6003014154191624,0.285020264501615,0.8295007834833452,0.8447110398310751,,0.6711066037402562,0.9988681804281908,0.732958800303681,0.7439060717822379,0.716737045685217,0.7734437731916273,0.6482636104037882,0.6629519400947422,0.5163478842976303,,,0.6436045528616057,0.6420725879938424,0.6031307617532049,0.5772840531393856,0.5047977901304213,0.8740762681210643,0.6390004632824954,0.5604901555831729,0.7881620312001192,0.8074276342401054,0.6080112924395653,0.7258249762835918,0.5852602288636513,0.6015504575495481,0.6987927294404421,0.3449315076924979,0.31449621146677886,0.6514004948493154,0.7171926097949254,0.6288879314681312,0.6610500953315431,0.10502516928641072,0.47260802001334845,,,,0.7633718767380856,0.7944771353124742,,,,0.46489365791747517,0.46334987999797334,0.7240395094247565,0.45641657758289206,0.4164488487289639,0.48738206464716216,0.2256747537750798,0.7973221597593915,0.7893873727033172,0.842666660836383,0.7590460007989003,0.547329816113157,,0.6222235226894988,,,,0.6793902865100117,0.68168406120751,0.7110468467048578,0.6808225587208785,0.7083886743388836,0.6664065224870921,0.5378250474092823,0.6773237105984223,0.5655643391883655,0.6349628462217349,0.9873067038818142,0.9814547137096526,0.988990169827151,0.9798641504020265,0.9742282920938699,1.0,0.9428895036772127,0.985109108919354,0.9906735529400754,0.6818783579772327,0.7290590675632698,0.7625144570419482,0.8154081601272426,0.37687617234591353,0.7213018021960776,0.7495889952450421,0.7966525015342883,0.7130333689234226,1.0,0.9957787176525407,0.9714080342702073,1.0,1.0,1.0,
CL:0000064,0.8649813993745255,0.9075532778791406,0.8642651763441633,,,0.9373851441500722,,0.95187619718691,0.8224334320349843,,,,,0.0,0.8576147042868085,0.6847392228913093,0.7705417796929472,0.8404792665341335,0.877775955065303,0.6905210989027112,0.9094418918682344,0.921002304466468,0.7573041153157047,0.8519593863213293,0.7375722632341469,0.7064827849028151,0.697756133336526,,,,,,,,,,,,,,,,,,,,,,,,,,,,,,,,,,,,,,,,,,,,,,,,,,,,,,,,,,,,,,,,,,,,,,,,,,,,,,,,,,,,,,,,,,,,,,,,,,,,,,,,,,,,,,,,,,,,,,,,,,,,,,,,
CL:0000066,0.6519888847715057,0.6285021225088929,0.6373782978266197,,0.8992528554715028,0.7168149730942094,0.742579749940325,0.7228262688446212,0.4026054567161815,0.6570925391253125,,,,,0.6228258474213616,,,0.5482390346646944,0.4418194249782958,,,0.716444608552136,0.7025598289893208,,,,,,,,,,,0.7268710560483312,0.6155528603912682,,,0.7725312003516183,0.7718864694417832,,,,0.9554441655120733,0.5846891421864588,0.7998287348667379,,0.769817746229953,,,,,0.9515884743389642,,,0.758885401039435,0.6497865606094468,0.6536160161769219,,,,0.808941762164911,0.0,0.7985426222638056,0.7431515149414212,1.0,1.0,1.0,1.0,0.682979168739468,0.8080553011583304,,,0.10773990631831971,0.09845451301726543,0.7978676862217475,,,,,0.4998075497992592,,,,,,,,,,,,,,,,0.6712092602479337,0.5699106883148508,0.9479444626296942,0.7680462371929299,0.5168981328404718,,,,,,0.7929527529610625,,,,,0.14734516952941548,0.5378589298439511,0.723904621086788,0.3410572392379217,,,,,,,,,,,,,,,,,,,,,,,,,,,,,,,,,,,,,,,,,
CL:0000067,0.6573265216335019,0.7300781925534943,0.7635373015772018,,,0.83024192808284,,,,0.7228664983700491,,,,,,,,,0.6214289797648013,,,,,,,,,,,,,,,,,,,,,,,,,,,,,,,,,,,,,0.7529884826950178,0.6748000291823878,,,,,0.1063342120168658,,0.6966748324814104,,,,,,0.7936617553983921,,,0.0,0.08368764798753925,0.7822822482132379,,,,,,,,,,,,,,,,,,,,,,,,,,,,,,,,,,,,,,,,,,,,,,,,,,,,,,,,,,,,,,,,,,,,,,,,,,,,,,,,
CL:0000068,0.842999609361872,0.36062025557900684,0.5885249907683971,,,0.5119967717995868,0.5044497854046425,0.36782085718981977,0.47739571820762705,0.45448957583839134,,,,,,,,,0.3676799596717207,,0.4280065581597759,0.4032417683791198,0.25115677565476646,,0.20682690639885756,,,,,,,,,0.37656532560785255,0.4175827222163096,,,,,,,,,,,,,,,,,,0.0,0.526037886200377,0.43531392782751405,0.7329105241823403,0.5452386569973465,0.8733868462267472,0.3511469386914101,0.18966726751976956,,,,,,,,,,,,,,,,,,,,,,,,,,,,,,,,,,,,,,,,,,,,,,,,,,,,,,,,,,,,,,,,,,,,,,,,,,,,,,,,,,,,,,,,,,,,,,,
CL:0000071,0.6975953516258672,,,,,0.6139804926323307,,0.7012948441908967,0.5602922738111781,0.6438340341576744,,,,,,,,0.6143424155593736,0.5775152260327362,,0.5989394439070352,0.6523280717797882,0.6158473615296409,,,,,,,,,0.6840684743970044,0.585573242062422,,,0.6415836015307681,0.5785125148526514,,,,,,,,,,,0.6336816168274565,0.6475475398972321,,0.6117969411288814,,,,,0.5503407928399227,0.3275301621678331,0.8208169413588663,,,,,,,0.482575386140767,0.21004195685436344,,,0.3331912842372882,0.5884111307430957,,,,,,,,,,,,0.5861964320611284,,,,,,,,,,,,,0.5526250330867348,,,,,,,,,,,,,,,,,0.6223270225253478,,,0.6936389288747499,,,,,,,,,,,,,,,,,,,,,,,,,0.0,0.5439728420127355,0.6146919506392013,0.6979015737878552,0.5358389095553008,0.5464671266701359,0.5903142620686608,0.6567247463911894,0.11601699299805851,,,,,,,
CL:0000077,0.4822164528087053,0.3568339101269328,,,0.3381598288708393,0.6186012870861833,0.8559946451064283,0.57282935171527,0.5601187332090664,0.5558092345431118,,,,,0.44183973271862753,,,0.2934224366969721,0.48933523056467665,,0.4335622973075042,0.5170979736721449,0.4021294592937073,,,,,,,,,0.5755081886154048,0.42271241020210526,0.5487440819871942,0.5639181934026072,0.5168606073949026,0.4133641201656575,,,,,,,,,,,0.5172131902094556,0.5396779074242397,0.5439133982848277,0.46984306706322443,,,,0.5061227841750308,0.3416256103083897,0.3134063988920836,0.5779788073244404,,,,,,,0.5161006325804699,0.5757261465157819,,,0.4677664247956346,0.5685115255558277,,,,,,,,,,,,0.584492956515852,,,,,,,,,,,,0.25339988869139757,0.27021336394121986,,,,0.6630288530551429,,,,,,,,,,,,,0.38899863438768334,,,0.0,0.7971543566414939,0.5527220712937853,0.2864463382421615,0.29350147460933285,0.14443183906258844,0.5246618993977172,0.5248284242902246,0.5367608368157589,0.4945695499534512,0.5835889082964679,0.5154607994396585,0.10860946349481032,0.5137613800433363,,,,,,,,,,,,0.5628855949077055,0.32462966930747483,0.34104867658431604,0.48675605071928774,0.41867199774754676,0.3313573475495996,0.3623747121740001,0.4233109894728382,0.591773719281552,,,,,,,
CL:0000084,0.6508475126095571,0.0,0.5830508335956064,0.3690623289434836,0.6106358863234378,0.6255561484374813,0.5124668635768976,0.618490533190853,0.48235604742366167,0.1946251240825309,0.3795395177426915,0.670890452717731,0.3480578490062349,0.757582750849517,0.4204619980427486,0.6391205587455436,0.7945814372663961,0.6332689920211187,0.30445930496518925,0.714436466134798,0.2518252327407835,0.22065593404223371,0.6261113174923248,0.7213618531942054,0.4440707969997415,0.7422930749394228,0.7156684572374952,0.24833012749610728,0.268650244950403,0.30133132316446143,0.7184881934631279,0.2315770392378357,0.2890404102989585,0.2994357919738221,0.3725656838636601,0.5519219932242329,0.5195514901529976,0.16465096688058314,0.14381007640323046,0.25103362446642724,0.17555284993723339,0.5349668437986743,0.5107616263845948,0.6609189962019733,0.11905588547421292,0.2326630466227977,0.12274935316246705,0.026404864352369797,0.19606217316394392,0.0846507237111487,0.8093186184116586,0.7564304051298475,0.35695198455998106,0.5485971587377579,0.10685156444067376,0.6754729592870726,0.5336140182147218,0.8645026540416247,0.2844975497523455,0.42320176410617133,0.15612663454685904,0.60274844951955,,0.29206719615268223,0.37475320766238207,0.5971484970843836,,,0.5697291462113744,0.8344246321053808,0.7174314432029956,0.9217402002958931,0.7318645327996175,0.7407642596583597,0.822190828146813,0.6763326922857451,0.7577098685520962,0.7745909485228613,0.6891265719424142,0.5873259914281307,0.7812238361458631,0.22024711967437818,0.715107824148661,0.8615747990982071,0.6858417260828382,0.6926030473038535,0.694326140230289,0.7208870666830969,0.8638072722332127,0.8186425565886154,0.8779382368232261,0.702114606850843,0.8353743719767998,0.5300635396438773,0.5564458095180866,0.6109901043120923,0.6015505531248023,0.7041293264111578,0.07958925915888213,0.6173954428025634,,,,0.38547239306025216,0.3718574229890509,0.5243298507762352,0.39130298304646016,0.35536642316435973,0.39736062121642735,0.5416311074762,0.6404762809702302,0.6439757526789427,0.7232944364916659,0.6816960507593952,0.3857081528792417,0.8776394125338004,0.8975919555928004,0.47797199436203586,0.44728401156214437,0.4040048952441927,,,,,,,,,0.4254970766213099,,,,,,,,,,,,,,,,,,,,,,,,,,
CL:0000094,,0.33927128370255105,,,0.6369141928792852,0.2655091472118882,0.2093175007075364,0.5646759952174019,0.675194697255824,0.311466033259783,,,,,,,,,,,0.297055889658033,0.3052789129629119,,,,,,0.2313633040854337,0.22934487050978764,0.0,0.8089514530433365,0.31724815229153114,0.3909872575717041,0.4696574538420289,0.5992715391325053,0.33395006658784576,0.4782271076541501,0.3686740707181214,0.3466464384770789,0.413006468451412,0.4070852080898714,0.5001340912278587,0.32286930573817296,,,,,,,,,,,,,,,,,,,,,,,,,,,,,,,,,,,,,,,,,,,,,,,,,,,,,,,,,0.3320329119858024,,,,,,,,,,,,,,,,,,,,,,,,,,,,,,,,,,,,,,,,,,,,,,,,,,,,,,,
CL:0000097,0.6504720731260416,0.44035301259623055,0.66533956414677,,0.570296944576567,0.6099886181579716,0.5864585207438713,0.590857937073219,0.5778543853319763,0.48755720760630705,,,,0.6873664212406994,0.0,0.5127022876835245,0.5972522732398456,0.6509068881011358,0.4061586571600767,0.6367694309488561,0.2324124942883739,0.3251259912784675,0.58946792999449,0.640648783911685,0.3108086679154726,0.685555493751514,0.6500046123649899,0.38193003085948035,,,,,0.6035561953795461,0.590897381649315,0.5908004726990747,0.7455357509461755,0.6422753799614617,0.6329495094540251,0.6122890282379168,,0.319599362159354,,0.7486540718583451,0.6293147986709047,0.6247032121406448,0.39359888966068124,0.6181705023305613,0.3604511345438887,0.36745800684860946,0.34096136723349535,0.6991809064372314,0.7772941572281645,,,0.5322009982619594,0.6507589323681799,0.5001558004547615,,,,0.9018862277509614,0.6122173315698881,,0.2104160567130679,0.509684583542735,0.616025480762444,,,0.49180408063901015,0.6558252916205821,0.5368218151660826,0.7831528284795263,,,,0.46528120332223716,0.5468063967768825,0.5825373120560691,0.3859977375955545,0.7134144007856684,0.6809813890009349,0.3257205829142309,0.5464198174230952,0.7737658231249256,0.49626726837700225,0.5264169442450676,0.45756154817546346,0.5389178848789568,0.7212338929068621,0.6419791098644445,0.7890945905412335,0.5157539126427415,0.5694275125171423,0.42290160823920375,0.6791481517695238,0.9156123417979677,0.8924429332992544,0.9416915177740883,0.6763400723449917,0.4772388531012423,,,,1.0,1.0,0.7593123409532246,1.0,1.0,1.0,1.0,0.43409044704131605,0.46268509748056336,0.6349164210281836,0.46341872689651026,0.3897753940665737,0.8621071264068105,0.7028380318723078,0.4071665249691568,0.3573792367573161,0.3422627995999862,0.30170670304655695,0.2888102383422566,0.14091934153205568,0.23329570346763884,0.39500077084168667,0.2030160336103185,0.5256049027274708,0.24271710037662952,0.6830882796814159,0.45325626703069977,0.4804455301261449,0.27265115985962773,0.4698353829900406,0.3951750416573141,0.2975763726868606,0.3217968853376668,0.3075164436649378,0.5467791941313975,0.3876387127872998,,,,,,,,,,0.5187685456916366,0.5840344158466622,0.4559310029361023,0.6031302534638103,0.7180595059403537,0.7837597257634122,
CL:0000114,0.43816129024629846,0.6547942696443972,0.49805165830966325,,,0.7531837442021154,0.6714547983124576,,0.4887482482200289,,,,,,0.5257392618196735,,,,0.48887331959073077,,0.4075965322152861,0.5243719746620481,,,,,,,,,,,,,,,,,,,,,,0.7557455749291997,,,,,,,,,,,,,,,,,,,,,,,,,,,,,,,,0.33931354685683734,0.0,0.7586926743768934,0.4637629340632526,0.4968196816244753,0.6807353978046665,0.683112169885443,0.4060855821320413,0.718662369239131,0.3572865265941904,0.4736023976702937,0.4844239851041417,0.28771192486653296,0.6256106882959885,0.35946871427931454,0.7357546273684639,0.4005508931270701,0.6027375703783282,,,,,,,,,,,,,,,,,,,,,,,,,,,,,,,,,,,,,,,,,,,,,,,,,,,,,,,,,,,,,,
CL:0000115,0.5667822996475004,0.5965783354599349,0.0,0.4696166309670508,0.7620678925495254,0.6365224757685778,0.6329488893501835,0.6561650259604266,0.5139287872412395,0.5853218353461217,0.49649724450291205,0.6670241490313009,0.2904651718076605,0.7494248025872664,0.6731291128833623,0.6631096501554663,0.7677297461252172,0.497452877786049,0.5734747547888984,0.7136855283714171,0.639850531561009,0.6650746048692167,0.5825034239420743,0.6266032166599769,0.5208980786422781,0.7678962573242905,0.7221484257333111,0.20068110513934,,,0.1274961511133988,,0.38257522841477587,0.4142371394691309,0.45554207955344805,0.45267364002567634,0.490288060287064,0.3825374302301287,0.39451836958904235,,0.2912491290276542,,0.47018294195828975,0.6114482344554318,0.40091436688679877,0.24005140327507035,0.41813814314539294,0.30662137721143357,0.38148046755463805,0.28335013910983775,0.4598975845931753,0.5518613524088262,0.5535917651507729,0.6104186955364532,0.6284068224028485,0.49449609631900066,0.23904523577746883,0.8215450039442824,0.550811119244463,0.5688560824774584,0.4541656145146833,0.6426686041743178,,0.6597050353485538,,,,,0.15188478996221147,0.6363048173814652,,,0.7709107173120768,0.7317323031234371,0.6191734226396142,0.7511845855189376,0.6218042484188876,0.9472076245523201,0.7079221644637482,0.5520073058881826,0.8643792104796302,0.8273006002211023,0.7295818995243356,0.8437907372343214,0.7645214818363694,0.7791469911306276,0.8578627971174009,0.43389351356371597,0.5312477955507243,0.6106916914053002,0.722725817940858,0.8114514391809969,0.6169355825816853,0.3785084463824766,0.3946440468477432,0.6094532579776021,0.5630078913063443,0.8391396627865132,0.6433662513409648,0.8116760612191815,,,,0.3490802394302653,0.3351785770981254,0.6023167792395153,0.34913101727902335,0.27053557252667304,0.3805897341596125,0.4381443224485826,0.8053845905867483,0.7905558713028918,0.8596007963391633,0.7601697849807459,,,,,,,,,,,,,,,,,,,,,,,,,,,,,,,,,,,,,,,,,0.5740244291219888
CL:0000129,1.0,0.8822841015851848,1.0,,,0.21025304161051164,0.3383710205662558,,0.9553233929092205,,,,,,0.7382350849174008,,,,0.738678915030437,,1.0,0.9568334016534954,,,,,,,,,,,,,,,,,,,,,,1.0,,,,,,,,,,,,,,,,,,,,,,,,,,,,,,,,1.0,1.0,0.0,1.0,1.0,1.0,0.8368073877549677,1.0,1.0,1.0,1.0,1.0,1.0,1.0,0.9322353964568045,1.0,1.0,1.0,,,,,,,,,,,,,,,,,,,,,,,,,,,,,,,,,,,,,,,,,,,,,,,,,,,,,,,,,,,,,,
CL:0000131,0.46509770918924626,,,,,,0.47091040243462023,0.493574486387943,0.6869461154351413,,,,,,0.43680496470778324,,0.537145567031012,,0.5105466067741918,,0.4608434158007887,0.49195135961775105,,,,,,,,,,,,,,,,,,,,,,,,,,,,,,,,,,,,,,,,,,,,,,,,,,,,,,,,,,,,,,,,,,,,,,,,,,,,,,,,,,,,,,,,,,,,,,,,,,,,,,,,,,,,0.0,0.5263448642077875,0.4666291786712037,0.544255871689478,0.541683018775628,0.4889304796731975,0.47355319846927285,0.46497057802269837,0.591898214033173,0.42404172475136603,,,,,,,,,,0.545481952941669,0.6352191039251376,0.5350874228098572,0.5460091108660684,0.7308333737316464,0.7483997037819545,
CL:0000134,0.10399281606609385,0.5306408728482523,0.3854079610198962,,0.317238075892857,0.5966625409226958,,0.9130305925286593,0.41382247075779643,0.5971001664045769,,,,,0.4426225093977314,,,0.4142327541033536,0.5044915985287675,,0.49338695117006587,0.5052424539752258,,,,,,,,,,,,,,,,,,,,,,,,,,,,,,,,,,0.34555126911630085,0.24193384198493453,,,,,,,0.549795742508597,0.33101601019376536,,,,0.35353638405066945,,,,,,,,,,,,,,,,,,,,,,,,,0.0,0.41679915141633883,,,,,,,,,,,,,,,,,,,,0.26773822814373915,0.8558457728938724,0.877385023495373,0.08683191423185505,0.3836342362681789,0.29813366129095087,,,,,,,,,,,,,,,,,,,,,,,,,,,,,,,,,,,
CL:0000136,0.5593903254281571,0.6006177169968493,0.571878055295168,,,0.7234105170859124,0.6454375948330116,,0.1485352017865973,,,,,,0.374299114755827,,,,0.36999341299776284,,0.2601834956950219,0.43949203766976735,,,,,,,,,,,,,,,,,,,,,,0.4779260027759566,,,,,,,,,,,,,,,,,,,,,,,,,,,,,,,,0.31833432145992274,0.46772787293663765,0.7651791135824447,0.0,0.4905786935025947,0.6191418893961759,0.5619521268939441,0.4320251678708502,0.6949865686158785,0.37186734018688233,0.3932385710561931,0.24738355519879168,0.43402706214955805,0.6366636157504685,0.6037023531899448,0.7150505876721971,0.3924469834381714,0.39266366514878154,,,,,,,,,,,,,,,,,,,,,,,,,,,,,,,,,,,,,,,,,,,,,,,,,,,,,,,,,,,,,,
CL:0000148,0.533898892699491,0.5808851253985081,0.5048492393240052,,,0.8175943100460317,0.7513700143128376,,0.4555861777905392,0.4644022657456222,,,,,0.6792730075791313,,,0.4460451528911872,0.6364778338808483,,0.4933088448824837,0.6168955896546927,,,,,,,,,,,,0.3789149241718646,0.3146445597036929,,,0.44597113262773336,0.4548664435529621,,,,0.7911169856259289,0.6224817455912671,0.45491719279334825,,0.46597679497767025,,,,,0.8533675584042808,,,0.43701393788595727,,,,,,0.5146182583912952,0.4482184893427889,,,,,,,,,,,,,,0.4976872973239206,0.5452218618378065,0.8326075793413095,0.5338090536231134,0.0,0.7077129502893171,0.7526358168265622,0.5809010596805039,0.7019790304716758,0.49778016851405693,0.4995416938351972,0.5919896183247675,0.35524193854048136,0.6912449608825078,0.7155910890998638,0.383426207850795,0.5189477240454627,0.6074162156915107,,,0.4538796646254269,0.4154542069772829,0.8146322132574823,0.46796829539900087,,,,,,,,,,,,,,,,,,,,,,,,,,,,,,,,,,,,,,,,,,,,,,,,,,,,,,,,
CL:0000151,0.6843193538748156,0.6431247436765282,0.6423543651115019,,,0.722620299518537,,0.7995596076193996,0.6425791660229493,,,,,0.5751691511927606,0.5373280849057104,0.0,0.4232115715482797,0.603700898922083,0.6131761229764868,0.2841600521649014,0.62466227692534,0.7249770460864069,0.29544262836671276,0.6604025652669446,0.3330175470605732,0.3417227039831151,0.32450429086916605,,,,,,,,,,,,,,,,,,,,,,,,,,,,,,,,,,,,,,,,,,,,,,,,,,,,,,,,,,,,,,,,,,,,,,,,,,,,,,,,,,,,,,,,,,,,,,,,,,,,,,,,,,,,,,,,,,,,,,,,,,,,,,,,
CL:0000158,0.7765603788270812,0.6352182650494055,0.7503679321403903,,,0.6548969011324355,0.7164453280895418,0.6263436195672201,0.39361832072968744,0.6377137897674852,,,,,0.5379153262766908,,,0.7872972620868033,0.4411773426420494,,0.4729881234171073,0.6405866997762619,0.393030333445248,,,,,,,,,0.6142300486667907,0.4586314646470357,,,0.5662630890696796,0.43416176827551667,,,,,,,0.4178711281981996,,,,0.5335190968025315,0.5506138592157214,,0.5003224016751481,,,,,0.7893346738845959,0.4873074315570745,0.8683299975223631,,,,0.5369107923768468,,,0.7218426393984188,0.731180404724949,,,0.7150359714224993,0.846327705665267,,,,,,,,,,,,0.492270454512222,,,,,,,,,,,,,0.6522702213878092,,,,,0.5363117116621219,,,,,,0.7393775820949331,,,,,0.45153372480771636,0.0,0.5598929041537651,0.43997841714886676,0.5071073369273696,,,,,,,,,,,,,,,,,,,,,,,,,0.6583504734111902,0.27133827517340825,0.18279607097238185,0.3611004352145719,0.8044089159216214,0.37734527234259646,0.32844610551464953,0.1815568578647168,0.6274658074306626,,,,,,,
CL:0000160,0.8621493915475087,1.0,0.9301368558473034,,,1.0,0.8008873069243898,0.7713675072053826,0.8292629939746309,,,,,0.8094978968590009,0.6958930325554165,0.529305842260273,0.0,0.9608936870922948,0.7210386816027604,0.3325556301921221,0.641847035706299,0.6585063372942935,0.7517301313607713,0.9289810284667639,0.8392014615787117,0.30547329797978795,0.3255744780366566,,,,,,,,,,,,,,,,,,,,,,,,,,,,,,,,,,,,,,,,,,,,,,,,,,,,,,,,,,,,,,,,,,,,,,,,,,,,,,,,,,,,,,,,,,,,,,,,,,,,,,,0.597639990555064,0.37024080287119565,0.26958352231709315,0.3953099847258109,0.4268704523863326,0.2822682776953481,0.3419582302155594,0.37121652294907415,0.34787927994150103,0.3700792286308562,,,,,,,,,,0.46420562190052556,0.5793118653802846,0.528470658778287,0.39350969510396444,0.4380513744281743,0.6282183839014346,
CL:0000169,0.43344367601818495,0.40953285683415647,0.3556580872608539,,,,,,0.5746644627607371,0.4705283658168328,,,,,0.8300528050824402,,,,0.47748770171831406,,,,,,,,,,,,,,,,,,,,,,,,,,,,,,,,,,,,,,,,,,,,,,,,,,,,,,,,,,,,,,,,,,,,,,,,,,,,,,,,,,,,,0.0,0.08152364428855409,0.47997399202054863,0.11389682804629159,0.14051581427336748,0.052182189066978635,0.5440611841646845,,,,,,,,,,,,,,,,,,,,,,,,,,,,,,,,,,,,,,,,,,,,,
CL:0000171,0.4324415199355462,0.3954678721166468,0.34184006090084235,,,,,,0.5885616721464242,0.4492334922168852,,,,,0.8308928129877354,,,,0.4787775415819187,,,,,,,,,,,,,,,,,,,,,,,,,,,,,,,,,,,,,,,,,,,,,,,,,,,,,,,,,,,,,,,,,,,,,,,,,,,,,,,,,,,,,0.08160614567310645,0.0,0.4625056090886173,0.18851745351195912,0.1244768733284348,0.08291431156278434,0.5369282021564049,,,,,,,,,,,,,,,,,,,,,,,,,,,,,,,,,,,,,,,,,,,,,
CL:0000182,0.683189442312782,0.3570511160024446,0.4406883530893097,0.0,0.7653639639498352,0.4491961953376444,0.5621142876745294,0.5596570655782798,0.3242967486988903,0.6130787141770241,0.21219179498374274,0.6566614040028153,0.3774155352176346,,,,,0.8444971334515304,,,,,,,,,,,,,,,,,,,,,,,,,,,,,,,,,,,,,,,,,,,,,,,,,,,,,,,,,,,,,,,,,,,,,,,,,,,,,,,,,,,0.33194124125331587,0.8637366510271076,0.8812649956947067,,,,,,,,,,,,,,,,,,,,,,,,,,,,,,,,,,,,,,,,,,,,,,,,,,,,
CL:0000185,0.8215768984215144,0.535906652213725,0.6274778393302662,,,0.6366204726008413,0.6472204677080985,0.5290228441515358,0.665022503261283,0.5833222248629834,,,,,,,,,0.5284639908401747,,0.5608113969663678,0.5315510083071648,0.4341523369006693,,0.5366309739449413,,,,,,,,,0.5450445714392823,0.5634959102427098,,,,,,,,,,,,,,,,,,0.5086420980543377,0.0,0.5904023469758336,0.3868827515431597,0.6501933492964787,0.8445044159967876,0.5022848393009762,0.5414159405410153,,,,,,,,,,,,,,,,,,,,,,,,,,,,,,,,,,,,,,,,,,,,,,,,,,,,,,,,,,,,,,,,,,,,,,,,,,,,,,,,,,,,,,,,,,,,,,,
CL:0000186,0.4126693648990696,0.5510728692771347,0.4323550943173474,,,0.5458967156019334,,0.7938569522985064,0.5160586110164603,0.578107630271596,,,,,0.6204261755829468,,,0.389320793099097,0.4608295541298832,,0.44668377361923456,0.5274792508197205,0.432627903274248,,,,,,,,,0.551550792690944,0.4060327312295443,,,0.5369733867846705,0.4137687782518782,,,,,,,,,,,0.4990217800646142,0.5233365099601629,,0.48819126521078055,,,,,0.41126246132828803,0.24850677924081888,0.6149592163549685,,,,,,0.6517684200891585,0.39788710517368603,0.39525442062450467,,,0.504069292578621,0.3592925612737178,,,,,,,,,,,,0.4099055041212779,,,,,,,,,,,,0.4484528048264786,0.0,,,,,,,,,,,,,,,,,0.4619437141879906,,,0.24947104806891585,,,,,,,,,,,,,,0.4363738485582722,,,,,,,,,,,0.4140288049154386,0.3423883554513909,0.4158691876345694,0.5527976980807251,0.293084937752106,0.3217265000153891,0.3965232309219616,0.4989994327072144,0.4585160961655532,,,,,,,
CL:0000187,,0.7281500272304797,0.6575444215896892,,,0.9541894348710342,,,0.6237813179119776,0.7477116471561921,,,,,0.8979168014915377,,,0.17221689252817698,,,,,,,,,,,,,,,,0.7674083588972848,0.6982922566402271,,,0.7296974507672038,0.7423933151787341,,,,0.9459985998532682,0.5942998819842863,0.7634259759566248,,0.7453843891071594,,,,,0.9555577884202002,,,0.7432165844969504,,,,,,0.790026943313674,0.6740090423386204,,,,,,,,,,,,,,,,,,0.5082314698596814,,,,,,,,,,,,,,,,0.0,0.24114008305217985,0.95172755777632,0.7452570554294541,,,,,,,,,,,,,,,,,,,,,,,,,,,,,,,,,,,,,,,,,,,,,,,,,,,,,,,,
CL:0000188,,0.7502428540469117,0.6356853754181524,,,1.0,,,0.6531314738283379,0.7756095248577762,,,,,0.9158997876622345,,,0.13455838573352563,,,,,,,,,,,,,,,,0.7760280901687822,0.709087174088336,,,0.7595190389767034,0.7729815231713858,,,,0.985848771288345,0.7023942201232808,0.8022606456344289,,0.775511678067972,,,,,1.0,,,0.766048864977401,,,,,,0.8339831403009276,0.5989045723896016,,,,,,,,,,,,,,,,,,0.4868408728287542,,,,,,,,,,,,,,,,0.2523553111851568,0.0,1.0,0.7789212304993918,,,,,,,,,,,,,,,,,,,,,,,,,,,,,,,,,,,,,,,,,,,,,,,,,,,,,,,,
CL:0000189,,0.8932332759846033,,,0.8756705636726989,0.9135403350640952,,,,0.9021801410759963,,,,,0.8903501206988574,,,0.8745548495204071,,,0.8992480804200388,0.9001504665470976,,,,,,,,,,,,,,,,,,,,,,,,,,,,,,,,,,0.8852066047225197,0.8782458225017687,,,,,,,,0.8895217863654856,,,,0.89175186014338,,,,,,,,,,,,,,,,,,,,,,,,,0.8911134942990977,,,,,,,,,,,,,,,,,,,,,0.8769683088521582,0.0,0.10858376321558753,0.8870148304380622,0.8944407214731526,0.8723657817093569,,,,,,,,,,,,,,,,,,,,,,,,,,,,,,,,,,,
CL:0000190,0.6212525644764331,1.0,,,0.7388532877606301,0.9737073619086436,0.9139002447809724,,0.7628789318190655,0.8628898424367019,,,,,0.8504837839231352,,,1.0,0.5859318266236317,,1.0,0.8127162258803046,,,,,,,,,,,,0.5529735398543405,0.6064096564313842,,,,,,,,,,,,,,,0.5917229907698022,,,,,0.5379535226381865,1.0,0.7786024046073217,,,,,,,,0.8324615114151469,0.5791958980377616,,,0.8058731916112044,0.6281760477180176,,,,,,,,,,,,0.8059194770694961,,,,,,,,,,,,1.0,,,,,0.6975907506239383,,,,,,,,,,,,,,,,0.6468261589965842,0.11886039296553792,0.0,1.0,1.0,1.0,0.5510420891339131,0.5075304926677731,0.6224825586872024,0.5129516408510931,0.632885525597319,0.5472517521645414,0.30527679653069567,0.5215532688497934,,,,,,,,,,,,,,,,,,,,,,,,,,,
CL:0000192,0.5369083404617546,0.7045340248244266,0.5395768212240121,0.7609090369295329,0.5863214929205234,0.7414206551840242,1.0,0.8573804388793849,0.6093907795248441,0.7226944766700524,,,,0.7123985699874025,0.7095721521675534,0.6091825826812829,0.7752679700705947,0.0,0.5999484287012995,0.6899951782961122,0.5315893232630683,0.6894276723544394,0.5527184061302128,0.4441122699353047,0.4445515294696984,0.7377222952126465,0.7062209011544818,,,,,0.6409600021917642,0.745577073954189,0.7899367558079003,0.7379386030100519,0.5866764644700513,0.5149042485703953,0.772935543452693,0.7875610219677048,,,,0.9608236285509805,0.7692027059760527,0.811881127349199,,0.7955822311505464,0.5506862343360669,0.5669668399884373,,0.5581638903328702,0.9830496560418353,,,0.785921332963987,0.20362886670182012,0.46581503741877994,0.5450752772067733,,,0.8564152315219747,0.6155426599218595,,0.6595621189690923,0.6473998751739806,0.7826960526800537,,,0.4028999280876419,0.20558222964019615,,,,,,,,,,0.5138284550548597,,0.48915121090489866,,,,,,,,,,,,0.4249499801421469,0.4815990730685087,0.17717165724148806,0.13227757481288696,0.9899794241707045,0.8006363502957242,0.9396100616839549,0.7413979986095877,0.7410664835998256,0.7940376261706459,,,1.0,,,,,0.9473148490464252,0.7574756806173815,0.9374112654219844,0.9006289256752894,0.27961013196169626,0.7822284050427999,0.8170982067406368,0.33506427899566826,0.3982966549423588,0.2538558194110283,,,,,,,,,1.0,,,,,,,,,,,0.4649631460013456,0.4678869735384477,0.5229243757631943,0.6270424341730848,0.13584164920893668,0.44097539513387435,0.5007559264835756,0.5946152525103926,0.5290458778673609,,,,,,,
CL:0000232,0.8633906803592132,0.6760497697687677,0.832817778632996,1.0,0.0,0.8606158120105213,0.8779834816828477,0.9313746325258897,0.796044848205101,0.7548852068927556,1.0,1.0,1.0,,0.6162833963540145,,,0.6203283234073909,0.5076478358521695,,0.626643015119746,0.6696982726147291,,,,,,0.7085252637064857,0.7569122562929724,0.7465373497958853,0.909571653371758,0.5161040345764872,0.6561293475324649,0.6066347463837267,0.6751157569869436,0.8572623405715518,0.723264149815601,0.5991407257554867,0.608369355216387,0.5572272089795693,0.6466209145592151,0.8024821503192281,0.7015883985522392,0.573412734144721,0.6632139098990062,0.3213486890735278,0.7018296720610017,0.33796188812907285,0.43284620520872974,0.5385361560050846,0.9164012778232442,0.8745760225712615,,,0.2876376947307843,0.6594805773084639,0.5185786455521441,,,,1.0,1.0,,,0.399208821308335,0.3843168911698338,,,0.5959483023063264,0.6144027719018773,,,,,,,,,,,,0.5909645175342823,,,,,,,,,,,,0.30279256225301676,,,,,0.5666452251204372,0.8328232716610483,,,,,,,,,,,,,,,0.3325057147196951,0.802718249040956,0.6365865763597882,0.3061948311642869,0.34789192247309714,0.13136189459305878,0.1840803460137676,0.17378485553418213,0.39064556805509043,0.3021706410389599,0.3757920101167484,0.31509381349970245,0.4884924110114692,0.2773093834122988,,,,,,,,,,,,,,,,,,,,,,,,,,,
CL:0000233,,1.0,0.12330601781919172,,0.9731436157260019,0.6175903489866337,1.0,0.6666227918426434,0.6474876420363675,0.5943867550818901,,,,,,,,,,,1.0,0.5804323156160843,,,,,,0.5677513252664516,1.0,1.0,0.0,1.0,0.6730843325315364,0.6147874853230403,0.6277900420192786,0.5652835876890729,1.0,0.5958791902856581,0.6019617944360119,1.0,0.6190780534563731,1.0,0.5730051400893191,,0.1840324089426667,,0.19266498969963008,,,0.18048343928525615,0.25123650609924714,0.18750364635102185,,,,,,,,,0.20736992979437047,,,,,,,,,,,,,,,,,,,,,,,,,,,,,,,,,,,,,,,,,,,,,,,,,,,,,,,,,,,,,,,,,,,,,,,,,,,,,,,,,,,,,,,,,,,,,,
CL:0000235,0.759530963188072,0.690092444053092,0.7003405143083121,0.44197625406810215,0.8332181675832346,0.0,0.22219812706136027,0.5506524813088938,0.6433316556352741,0.6396149806607286,0.45678694005724263,0.6411883115848821,0.18916739381687872,0.8350055746028704,0.6995543151612154,0.7663216344771953,0.8479139401163825,0.7495471857394149,0.6519225807126188,0.8038610255251336,0.5599858311856949,0.6343382163437667,0.7019400849819674,0.8004924501073066,0.618245937638336,0.8304142277867862,0.7899560183299797,0.5004559907396464,0.40240741810303304,0.2672374906071133,0.5208673276925238,0.4862572982277334,0.5269880226966843,0.6750204547898092,0.715283144304495,0.4273023359648652,0.4091634447133449,0.6970621907117132,0.6909556272230304,0.5204302898489465,0.5917470019805638,0.5593533730665191,0.512732253048747,0.8226079989542796,0.7471764303400027,0.977992911748621,0.7436784833935937,0.7116295232213022,0.7243847200944313,0.6992348498675961,0.4839714062003031,0.4485983047026682,0.5446941835320127,0.7004398360011505,0.8451877903127372,0.7802114150494462,0.6714287940327152,0.9090156292457632,0.5525826365427452,0.5443685640796017,0.6176294171958848,0.8051943992828868,,0.6108979152437801,0.6781285273686858,0.7763276475818963,,,0.7195673481723799,0.9121119628585015,1.0,0.9996762856386122,1.0,1.0,1.0,0.9703755401417982,0.9566839108341785,0.20261692030672618,0.9110771071063288,0.9297938037244022,0.9947945488624361,0.562469395404923,0.9773981232445511,0.9965022420122257,0.9789593723134736,0.9811017290323447,0.9601580503816572,0.9396147104773183,0.920849068724407,0.8689958557283328,0.9590380902910522,0.9820353820920648,0.8761461793071126,0.5795878079330439,0.5902196335391753,0.9518283829330727,0.9531933506201855,0.7085302113389549,0.9403190616131347,0.7196386822800107,0.42345758739291556,0.7975730348823291,0.7851513042026456,,,0.24934307341027992,,,,,1.0,0.7533317062438813,1.0,1.0,0.7146319751724407,1.0,0.960104577490446,0.6820216564855252,0.594510321369444,0.6665599670530082,0.8721282799125234,0.8705040331395685,0.8915544928691806,0.89434235343279,0.8759218628487934,0.8857443287782713,0.9187236721275056,0.8873471349032804,0.5481899245795612,,,,,,,,,,,0.6648832517901334,0.3817479492387934,0.41507181454641356,0.6064290889409598,0.7137588225424008,0.27697868697864914,0.4174819399440845,0.5244238543699141,0.6558097030495912,,,,,,,0.9990169484640594
CL:0000236,0.6229482505204086,0.29468145787776673,0.5476476718035269,,0.4700401621851719,0.5795687246341572,0.6738390292357245,0.5684225675856358,0.35770643565895355,0.39351621058577174,,,,0.7312339130640433,0.4032956825006176,0.6081174988959723,0.6759333925360437,0.5919030159934487,0.0,0.6892678227365452,0.29799904440498715,0.41762588457272604,0.5424497066915139,0.7261795209159182,0.41037166523805924,0.7051542294145583,0.669077199013918,0.20052217060611302,,,,0.4344501293281602,0.17471380981429716,0.1540478058799479,0.24914306177806575,0.6464460229043073,0.49081847796526734,0.23225011088062267,0.2214510444796766,,0.26956658523941124,,0.5975654568787295,0.6223293225425348,0.2590911638801555,0.2798671314785611,0.28399865425581783,0.2296442497791602,0.2872371626929311,0.3011809857661077,0.5988603589247596,0.7386685157772835,0.35599046119893013,0.5291618473197911,0.39245323937779103,0.6607134476099825,0.44068896770282745,0.861935120495918,0.26320320484771087,0.4187249249474126,,0.39865081184409756,,0.21579917988434255,0.5002998043161196,0.5181366752884347,,,0.5562690925082796,0.7212823175765115,0.6117891306710244,0.8904404432113193,0.5541048950821219,0.5600353993361933,0.7201992386655259,0.44511192376636444,0.5233104029632272,0.5999079612615953,0.39269901162123644,0.6208287867440783,0.6732159142527294,0.3384258022217763,0.5466437873816643,0.7665725318638812,0.47728996625067743,0.5052782198946713,0.4090853631364712,0.5690454945962253,0.7459951245583544,0.6186848577808465,0.8121363004342371,0.4885926081253202,0.6122580505384416,0.4961899625853276,0.519876997804248,,,,0.5398150763513546,,,,,0.44759617091903975,0.448351535878897,0.4416155976283294,0.45784916087319716,0.45055335970941923,0.45190100808620215,0.6054623778139909,,0.44621777221950104,,,0.5439132733534936,,0.5238786969519608,,,,0.28898957124106267,0.2494265902944633,0.3528481710605918,0.2902527463456957,0.4185380881728816,0.2730080786910734,0.552523724955826,0.25770265890561256,0.37218751580671927,0.5988849619414653,0.612901537762349,0.4474444079184434,0.6470980822540071,0.5342038037083382,0.5121740558036425,0.4828106078966338,0.4624713213363275,0.6064320388698266,0.6161026978356854,0.6179247562151339,0.2857966511796104,0.33696073985379443,0.5709947605776899,0.7013498225062851,0.19625053390434025,0.346304674206097,0.4750308011392285,0.6191304174545186,0.6576728556841753,0.6998055704516356,0.5973568041466498,0.7435100840239367,0.7689132311845281,0.8453836844940602,0.79399195895645
CL:0000287,0.8426267373841185,0.8315350820436855,0.8527626742481023,,,0.9646483575870182,0.9048795373906507,,0.7777112137949761,,,,,,0.8064458881841963,,,,0.7746303455728766,,0.8206103559668506,0.8150101840358782,,,,,,,,,,,,,,,,,,,,,,0.8896468119821118,,,,,,,,,,,,,,,,,,,,,,,,,,,,,,,,0.7367009143980563,0.8384583587888466,0.934477943463292,0.7561294202165604,0.7943023325248847,0.0,0.859688380417353,0.7558070846509815,0.6878074034410641,0.7356794432725491,0.5757992010149086,0.6710463248300863,0.7744467063396067,0.8684214076214221,0.8812061412719157,0.8461911611332129,0.7463784273222412,0.8464103112536349,,,,,,,,,,,,,,,,,,,,,,,,,,,,,,,,,,,,,,,,,,,,,,,,,,,,,,,,,,,,,,
CL:0000312,1.0,,,,,,,,,,,,,,,,,,,,,,0.5793266933661294,,,,,,,,,,,,,,,,,,,,,,,,,,,,,,,,,1.0,0.8797723186864459,,,,,0.8023819843531004,0.0,0.7484708693192318,0.9296090403175128,0.9414768039660891,0.7097674225663546,0.7726942805531505,0.8745046013747756,,,,,,,,,,,,,,,,,,,,,,,,,,,,,,,,,,,,,,,,,,,,,,,,,,,,,,,,,,,,,,,,,,,,,,,,,,,,,,,,,,,,,,
CL:0000319,0.7937765267181864,0.7764985821351953,0.7467252626129759,,,0.8187374686966948,,0.8636056369943045,0.7411441766394972,,,,,0.6264868427619547,0.7208105159998515,0.30692173606526035,0.28719691684810994,0.7385587076404353,0.7506722495818787,0.0,0.7699797367883048,0.81705076284985,0.587067494945759,0.7964591589037734,0.5536737631845121,0.10500243666025669,0.135953196686078,,,,,,,,,,,,,,,,,,,,,,,,,,,,,,,,,,,,,,,,,,,,,,,,,,,,,,,,,,,,,,,,,,,,,,,,,,,,,,,,,,,,,,,,,,,,,,,,,,,,,,,,,,,,,,,,,,,,,,,,,,,,,,,,
CL:0000359,0.5687949950651638,0.9457111514514045,0.759078559483601,,0.7119035480733227,0.8848790099781865,0.9659020011841838,0.7436177994065037,0.7756964667245181,0.8507832752910169,,,,,0.866210840041941,,,0.24361257270373285,0.8025637782086981,,0.6545146997043183,0.7229182467307733,0.6161762495265088,,,,,,,,,0.7618003362910063,0.6403463679553415,0.7234008548612142,0.7308076814190285,0.7127346535247662,0.6587681137486205,,,,,,,,,,,0.679296057037947,0.6884722896518906,0.7106051734097697,0.6930316025640553,,,,0.7216066480144211,0.23977420371800331,0.6329668048077434,0.48840715884460956,,,,0.9605784634451728,,1.0,0.6965945768894627,0.6754729565100996,,,0.6537816904568338,0.0,0.7859988277631945,0.619361962862488,0.9559403452811431,0.9450628712780695,0.07422661673785444,,,,,,,0.7993821042866115,,,,,,,,,,,,,0.4301009275016855,,,,0.7980987738953105,,,,,,,,,,,,,0.717500522704542,,,0.6361881996714682,,0.6639198370410999,,,,0.7210264957896292,0.7201537466924421,0.763420410029151,0.7275961500131773,0.7464581146430536,0.7340812465621782,0.7547191526189018,0.724577348181706,,,,,,,,,,,,0.5277193708118649,0.6237985532364244,0.6773449382828312,0.7376737511278072,0.12884566695766175,0.6021416820791916,0.6486902323288751,0.7208057598952289,0.582788463924752,,,,,,,
CL:0000388,,0.4532111729012936,,,0.31118943993190235,0.5804639780905272,,,,0.5218476909877934,,,,,0.39176085031140867,,,0.349004463850933,,,0.48838094320488057,0.49880848299305874,,,,,,,,,,,,,,,,,,,,,,,,,,,,,,,,,,0.33791405415926656,0.23702214523771536,,,,,,,,0.3298245601142518,,,,0.35672683625901974,,,,,,,,,,,,,,,,,,,,,,,,,0.08422989648789472,,,,,,,,,,,,,,,,,,,,,0.2935851819456806,0.8263808840217222,0.8510931765446756,0.0,0.38950722648562985,0.291898867578538,,,,,,,,,,,,,,,,,,,,,,,,,,,,,,,,,,,
CL:0000451,0.7633201632048984,0.22973955782378422,0.7998483656268208,,0.47996396041160944,0.5000151010390296,0.5661041351075777,0.4594255890043282,0.47171962444345,0.44995972536273643,,,,,0.3513489792500192,,,0.6813430029088631,0.3213489129357332,,0.3980680808891389,0.4092764901748711,0.43175288558331804,,,,,,,,,0.3845917040240467,0.11724544792550336,0.466575581610753,0.48852072917528805,0.3910189407742204,0.22186286433122726,,,,,,,0.7298171249524014,,,,0.23598118439193305,0.2843877783165031,0.49529213021247404,0.3361915988444093,,,,0.4051236996750715,0.6908251892726538,0.4519475117590409,0.8653205326701153,,,,,,,0.6603165683841505,0.6210461928851936,,,0.6275024825333222,0.7124462883553047,,,,,,0.7644534309412561,0.824547424242922,0.7663285632775744,0.672551769827034,0.827816406536666,0.8424837041665743,0.0,0.8048735951157799,0.9007802581797097,0.7848155436088059,0.7648384164700246,0.7370006609544351,0.7795547710055518,0.8532957206121752,0.8124144644772711,0.9157765269419076,0.7987472314370823,0.7709892079763266,,0.5767856464905724,,,,0.5980905882639257,,,,,,,,,,,,,0.49056433974608277,,,0.5719049671756011,,0.5970423735739229,,,,0.45297510520292,0.4257567206477062,0.3866561864544819,0.4149241672048767,0.5224482343061693,0.39534007111422864,0.614938305483146,0.41287692624007805,,,,,,,,,,,,0.6179792147085871,0.33993857827806906,0.38152693927208225,0.5950561276824212,0.6969403207257533,0.23216723269486783,0.38666855376078735,0.511093171515286,0.6251843796444764,,,,,,,
CL:0000453,,0.7948180411680936,0.857526467925974,,,0.6727642656999361,,,0.8211617110010285,0.7921756655192198,,,,,0.8747052003293747,,,0.9114571566417428,,,,,,,,,,,,,,,,0.7664742399738478,0.7903434627521458,,,0.7898479796268251,0.7901524427468906,,,,0.2925695913143988,0.9050301032273654,0.7701300957975935,,0.7938415915830058,,,,,0.3029794288687232,,,0.7869354464068916,,,,,,0.7939557251770525,0.901611136547235,,,,,,,,,,,,,,,,,,0.8639945389291799,,,,,,,,,,,,,,,,0.9014491523800898,0.9050770374183389,0.0,0.7967272292437584,,,,,,,,,,,,,,,,,,,,,,,,,,,,,,,,,,,,,,,,,,,,,,,,,,,,,,,,
CL:0000492,0.7102058797929028,0.10454723336323674,0.6025333551950753,,0.2757667959636287,0.7196179462047607,0.6281502833910656,0.2756804538231465,0.45337697652449743,0.3510008174170103,,,,,0.46366310151252704,,,0.6229292903222334,0.38727896552865787,,0.16629726871535838,0.28751397718735777,0.5136751683372718,,0.4676297593249621,,,,,,,,,0.2469184643384388,0.2706656251242489,,,0.04628157255653932,0.050619971713166255,,,,0.718047912466694,0.6701598366018511,0.06774954421181326,,0.06630573843072833,,,0.31130851266702675,,0.7791752162779332,0.4223143071581639,0.5923604158484529,0.0,0.8168086147473731,0.4972793143882689,0.8473052141613324,0.33726526852039185,0.5029458416510694,0.14547527275705255,0.6213869886305915,,,0.48720198269116954,0.3400318495833226,,,0.40538074868029594,0.5970747539417453,,,,,,,,,,0.3990196559680396,,0.4782297633013172,,,,,,,,,,,,,,0.6060292218685832,0.5968862900482317,0.677467852239246,0.28090184733917056,,,,,,,,,,,,,,,,0.4725481738076817,,0.47044321647779014,,,,0.21471886450583672,0.15505218288398298,0.13932502660311116,0.06825639356977706,0.35683936183314047,0.0700405054089383,0.526872080259609,0.07151711669205668,,,,,,,,,,,,,,,,,,,,,,,,,,,0.8059243196549425
CL:0000499,0.7492830597390301,0.6982025784452287,0.6200403372393167,,0.5377992540685999,0.7417610720002924,0.775730736645285,0.6979832408154638,0.643237623218455,0.6787456903922902,,,,,0.6751195884598247,,,0.6494310107129196,0.677985016600202,,0.873459562296961,0.7678492728375104,,,,,,0.5537441064961732,,,,,0.6106609831281996,0.6769855318089992,0.6664227177029374,0.7689177845884856,0.4889814645589071,0.6776602374590701,0.6830289649672506,,0.5958014900524758,,0.7178913317229169,0.0,0.7069193803855248,0.5403321430227812,0.7048603741619821,0.5809627348908777,0.6150166995482778,0.5919858058079577,0.6763227130366183,0.7350218503192677,,,0.7932996330055511,,,,,,0.8037309532771761,0.5604401670376117,,,,,,,,,,,,,,0.9074347857143744,0.985899908646814,0.9897445161081629,0.6181881234817987,0.7142887367305417,0.9422619972913181,0.7887650272011029,0.9334028525980957,0.95323225122856,0.9392014599646437,0.8981522905105724,0.7835489589733429,0.9123847413715481,0.8325558228058682,0.8533553884915659,0.9393933618830277,0.9322413353971197,0.47715385931897897,,,0.5736442892214788,0.6478506759270891,0.9222984216745107,0.7846617141955978,0.3090916051789635,,,,,,0.6852986597617446,,,,,0.35519464424694486,0.3942560979669644,0.6332204099411138,0.36222484686663076,,,,,,,,,,,,,,,,,,,,,,,,,,,,,,,,,,,,,,,,,
CL:0000575,0.5659359277824192,0.6626932004913733,0.6266626554618384,,,0.825169233810068,0.7171085950950213,,0.5367251284557194,,,,,,0.5633811665357118,,,,0.5476214400624562,,0.49483488914348944,0.5549325118317335,,,,,,,,,,,,,,,,,,,,,,0.7672748601606398,,,,,,,,,,,,,,,,,,,,,,,,,,,,,,,,0.21421910658323606,0.43546838296696566,0.8135887768907812,0.45935758265598275,0.5676318524675377,0.6580317554501318,0.7150610487786317,0.0,0.7326176206910266,0.2060207545299917,0.47531068085382155,0.44282368822335544,0.4072225222259368,0.7393519820107427,0.6738039416872753,0.7785226475445113,0.2589910576858813,0.6070831507812677,,,,,,,,,,,,,,,,,,,,,,,,,,,,,,,,,,,,,,,,,,,,,,,,,,,,,,,,,,,,,,
CL:0000576,0.7505106767499884,0.5341231575831303,0.6342969149028787,0.6344201464573828,0.8234705872205024,0.2153633739721192,0.0,0.510536228200382,0.7592362786115154,0.5723963064772591,0.6195247563612618,0.7194623627757811,0.39630272085283175,,0.7496657950344691,,0.921763339768749,0.8712842786921434,0.7536140429362501,,0.6180810018034754,0.6640513591901017,0.6015462985057173,,0.5629737622705391,,,0.3298873980380427,0.3506176828244757,0.2024001015301754,0.7565771408649663,0.3880344773779856,0.4237736947978282,0.6269770289784288,0.6900779877748688,0.14969452122095356,0.3565496742121389,0.5027230183136135,0.46915436706493574,0.4470134004096392,0.4426752207358414,0.5408321298931031,0.40477421917887046,0.7625297902242029,,,,,,1.0,,,0.5166564201452696,0.6855527128852507,0.7412805568358006,0.8920231825253501,0.8262169809596631,0.8945209898573295,0.47211553548212776,0.5515368574731939,,0.7926216666557914,,,1.0,1.0,,,1.0,1.0,,,,,,0.7351907174124992,0.7697996827363734,0.2943201512749129,0.7336991027852495,0.7849470037042287,0.842264602131035,0.6636084366949442,0.7666670803126128,0.8994389572467325,0.727584973452465,0.7891099852686376,0.783466383113885,0.7601260105264906,0.8512174683503363,0.7780632871205199,0.8549426391582698,0.7165239441048317,0.7030892971395495,,,,,,1.0,0.5935413895711203,,,,,,0.19566099294510694,,,,,0.7691225158321691,0.7660765041611768,0.8530726285227891,0.7584116311619737,1.0,,1.0,,,,1.0,1.0,1.0,1.0,1.0,1.0,1.0,1.0,,0.6183368093714416,0.933690323225105,1.0,0.9172447822103493,1.0,1.0,0.984559514927637,0.8817425276778119,1.0,0.9024993978818965,,,,,,,,,,0.8251184891972144,0.8127220608360172,0.7941336592412328,0.8202450945555217,0.8793431253971412,0.8705746120089719,
CL:0000584,0.8065320902543058,,,,,,0.808753796186323,0.6467848369372479,0.74402396195421,,,,,,0.508744510258984,,0.3758468023061995,,0.5808228442975935,,0.4494476202877191,0.46842486930337984,,,,,,,,,,,,,,,,,,,,,,,,,,,,,,,,,,,,,,,,,,,,,,,,,,,,,,,,,,,,,,,,,,,,,,,,,,,,,,,,,,,,,,,,,,,,,,,,,,,,,,,,,,,,0.5843911775511483,0.0,0.1454153195456009,0.27669836231250516,0.3428497766535027,0.1256814393753039,0.3055227231170366,0.41739217032289044,0.483717483152072,0.30671947722043547,,,,,,,,,,0.31078527315764626,0.4938323239288689,0.40940251525743615,0.3675779026654524,0.7975401260093181,0.7414989069428536,
CL:0000624,0.7354250862411998,0.23720179374271316,0.5677733799574073,,0.5632042576252131,0.5007375200755698,0.551325441513245,0.5421216692591561,0.4956608789290779,0.15790608192566172,,,,0.7390581905562142,0.2318262864305146,0.6043361585087645,0.56560947613076,0.6210284137110178,0.28203689928444814,0.6896805424914626,0.0,0.1398821536000936,0.506475827075151,0.6967559820609441,0.4444278362599955,0.716297105675798,0.6858916638292122,0.19717528647073368,0.24747028346371358,0.29390598331935547,0.8019486892933042,0.38416995803057297,0.286171413996813,0.38654590081055384,0.49470083293773687,0.5318964873021425,0.4493723211020031,0.11108790812266944,0.11429661174405531,0.3051470199128135,0.3029755991144052,0.4586945909554533,0.24441410775500452,0.6131515059687579,,,,0.09709843885165786,0.13427480336842323,,0.421824008056266,,0.42450207440631865,0.5752424749875745,0.17001266595210338,0.6747298956881532,0.47937206607598276,0.8831288573605365,0.3006165525827514,0.4682838697776078,,,,,0.5899148565643912,0.756089038055402,,,0.5866978400645246,0.8002102425483634,,,,,,0.2812875522200112,0.37326106376513596,0.6947812660956555,0.2362461485780004,0.41164859932549064,0.6101210906881627,0.32780989120912285,0.4225746723071747,0.6617034401548062,0.3215122200377111,0.33814517898175656,0.31102875738931807,0.34727558299756234,0.6346389524378575,0.5637437347068958,0.6568126642826906,0.3521571233232932,0.4805064874249112,0.5195231496199901,0.6537429688558963,,,,,0.39400308960240643,,,,,,,,,,,,0.4902511268067085,,,0.5380795732557879,0.9094090127234797,0.9238627607697061,0.5301381551763501,0.4841817898657815,0.46782747544026243,,,,,,,,,,0.5054425818634025,0.4422596865595117,0.2220386513465667,0.47180300631482097,0.3820565512568428,0.27928024605116336,0.29736019907720024,0.20886690608115033,0.5174989872775697,0.37210668130465474,0.6567344110000489,0.3662174094129909,0.40794955993817433,0.596386233175813,0.7483087425793066,0.3062798295470299,0.41900573426074955,0.5088268140488225,0.6557390959087396,0.5128437946516317,0.5959424979978228,0.4257407558135395,0.6035815474612006,0.6860897355114642,0.7878958218307013,
CL:0000625,0.791154200980995,0.22680591379119405,0.6557878817338777,,0.6265625070259411,0.5874002525439193,0.6060017533821133,0.5376489295394744,0.5380767020070352,0.13478748352927591,,,,0.8601605250635557,0.37212603141420814,0.8060698328624192,0.6295403761626815,0.7669225020276335,0.4292047542565417,0.841071330003796,0.14872102008181307,0.0,0.6285509728258378,0.8385443347090435,0.5989701914780609,0.8672508468956556,0.8538159371931954,0.17391235661329763,0.22505026267695044,0.29839765277844166,0.47225376687406395,0.4090985271588244,0.32634715547757515,0.34954713132369897,0.4280811619517538,0.4069306221781575,0.4821265822380959,0.09236069813735773,0.07691633784780061,0.21829517062200673,0.1864921040444196,0.44953665972307055,0.14336001464952994,0.6962284580523432,0.05791497828653814,,0.06537484502440943,0.10701328801009255,0.06461952012669184,0.2525811009084692,0.3991625239831422,0.14841133278131044,0.4073437515244619,0.5553224313898392,0.30387609265679894,0.7301797642051807,0.5532089078930353,0.9140113670732379,0.2548273962361945,0.5041688596963271,0.07679396938648832,0.7643682153587434,,,0.6100422064895618,0.6645885538158053,,,0.6011803672821122,0.7811528855753456,,,,,,0.42311172777335176,0.5236780108209395,0.7249817663368595,0.4351897529460256,0.5613866255984791,0.660822371027461,0.4449333927603978,0.5168041316372562,0.737953859444655,0.44648531862029006,0.4672564009895522,0.4452616670485876,0.5071577397138752,0.7283852155809144,0.6672997734819169,0.7576886060666621,0.46958765740823943,0.6496929543611563,0.536087552597715,0.8112151156348308,,,,0.18833753079195298,0.5850415634051604,,,,,,0.7519268825941277,,,,,0.756961933347793,0.6902308616071302,0.8589000122393075,0.7554650245150283,0.611702381039623,0.9173044243407714,0.7607669586850538,0.5456106345515519,0.4943450183301074,0.4813745035584422,0.37955279973379047,0.35906050178074905,0.3886860613960561,0.40944387156100387,0.16354550629880713,0.4165594044284312,0.6348077922651982,0.3971761330752994,,0.5484329112304925,0.4729452767590581,0.2250527733583471,0.5010739513697543,0.3857301126408193,0.27798239711094724,0.28765690547483064,0.271855417318029,0.5165383003073483,0.42305311624121056,0.7516172258074717,0.5143581471838137,0.5407992060230616,0.6704338489213795,0.8541687492818314,0.4666797945157699,0.5466712858142255,0.6004597926258985,0.7421873568605322,0.5830482015892883,0.6427238972392165,0.4926444883496437,0.6715613569890689,0.7314343065418369,0.8187998127773097,0.8387436611785292
CL:0000636,0.8030410057330996,0.9490392316989514,0.8614790311293362,,,1.0,1.0,,0.9199743601471048,,,,,,0.948277879015544,,,,0.9128080747384393,,0.9210229146950183,0.9418757046033793,,,,,,,,,,,,,,,,,,,,,,0.931388274404963,,,,,,,,,,,,,,,,,,,,,,,,,,,,,,,,0.8676798628070528,0.9160394065618681,0.9670638354626179,0.8783517018571362,0.8153403241408462,0.7117917231584481,0.9512277130461287,0.8708183130309715,0.0,0.8755112340913868,0.5246864512513494,0.7660244220498218,0.8349894879422578,0.8597827506490244,0.9244446655484577,0.6993498556618569,0.8961814433008188,0.9261557102076464,,,,,,,,,,,,,,,,,,,,,,,,,,,,,,,,,,,,,,,,,,,,,,,,,,,,,,,,,,,,,,
CL:0000646,0.7899237527480478,0.6659191745373837,0.5876264282105075,,,0.6753538968631787,0.5640746105779157,0.6348517620920358,0.5968568062002959,0.656661726782748,,,,0.6551439660569629,0.7202467867881879,0.30427705740182504,0.6190259478212082,0.6535779114619308,0.575556681456376,0.5597826862819304,0.5029359129172145,0.5781539350596241,0.0,0.5887688417931327,0.24780157882409257,0.6195516188576419,0.5970923537865783,,,,,0.5722778303520641,0.36474410917111216,0.43594429712813265,0.47230782123598314,0.5374743183890367,0.4244696531596579,,,,,,,,,,,0.5026968705242901,0.5224655579234556,,0.48694906774513635,,0.24121054017028346,0.4312193566514507,0.50851845882393,0.709647908335119,0.6143217462293312,0.8375484000192441,0.4637902337120552,0.16324972453908476,,0.625113013165054,0.5129980308683545,0.5535192787498469,0.7891957225512964,0.8475455604619443,0.6045208865523151,0.6367724004572834,0.7991930143019861,0.6799044181390892,0.7542665492597296,0.8368493862293971,,,,,,,,,,0.4172718321195689,,,,,,,,,,,,,0.5883409006225285,,,,,,,,,,,,,,,,,0.3785315596241014,,,0.5048864688425367,,,,,,,,,,,,,,,,,,,,,,,,,0.6274622499030345,0.3360879568799369,0.35249526695354794,0.4209323546672003,0.7368154576488797,0.2593597708985682,0.18731669641020918,0.3912554472197281,0.6077711384509499,,,,,,,
CL:0000669,0.5282297795642574,0.6696058687925911,0.4859313024813808,,0.6363016406049027,0.6793312873567527,0.7422629793938623,0.6740848516043321,0.6478523941598364,0.6792723948116949,,,,,0.6483534323089973,,,0.19457859843463313,0.654122729340506,,0.5577950574045292,0.5851026460609955,0.6652833797692128,,0.5819092628987432,,,,,,,0.6722398912776713,0.6536334962435562,0.6737240594735203,0.6906847698901496,0.6151197018752717,0.5330966205810561,,,,,,,,,,,0.5645303176311631,0.57787315728072,,0.5809168946256685,,0.6246208917628276,0.34099627747817157,0.7175507546092014,0.0,0.4719665570481772,0.6714438116722303,0.6893765640029873,0.5898467481612029,,0.6743793266463775,1.0,0.8923656936314106,0.5401426856177871,0.6728319463338227,0.7253619572610421,0.6622442066991129,0.4808441150382011,0.2204823370519581,0.8004394709305163,0.49170458491849117,0.817649244150147,0.7989511695340951,0.13732484788136085,,,,,,,0.5178359377977988,,,,,,,,,,,,0.33815632195605144,0.4687555816802249,,,,,,,,,,,,,,,,,0.5896270617099857,,,0.34109617677528226,0.8319785970980519,0.85860860312645,0.3408979439788208,0.35599188770085044,0.3375776122307113,,,,,,,,,0.8215353492535835,,,,,,,,,,,0.4348970132405704,0.4712208886800223,0.538042206590043,0.6337297865949796,0.18006122874693256,0.44720756913768256,0.5153054739120734,0.6054327156587748,0.4989605613943579,,,,,,,
CL:0000681,0.5156193317920535,0.6015745395733152,0.621547058562589,,,0.7822773459813659,0.6441490820634888,,0.4544611939814858,,,,,,0.48430178936840024,,,,0.4525670067735207,,0.356351747105912,0.45378060972232337,,,,,,,,,,,,,,,,,,,,,,0.7307438394892507,,,,,,,,,,,,,,,,,,,,,,,,,,,,,,,,0.07589745397523837,0.36264379948502806,0.7700687644177387,0.3742436484502514,0.46039090783022746,0.6062462617242885,0.6599447771181046,0.19500041346639505,0.6971658225106542,0.0,0.3797800607625756,0.356907055707272,0.3482769368663229,0.677094176590585,0.6314481717026347,0.707604232596284,0.08462186345351917,0.5361187819236302,,,,,,,,,,,,,,,,,,,,,,,,,,,,,,,,,,,,,,,,,,,,,,,,,,,,,,,,,,,,,,
CL:0000738,0.7253730620358675,0.29138383138739965,0.6522130583781489,,,0.6040384926639961,,0.9171247235152125,0.2661864901191539,0.35403226997164083,,,,,0.23150563292030646,,,0.6049007260006365,0.23181970742861893,,,,0.6131244770569287,,,,,,,,,,,,,,,,,,,,,,,,,,,,,,,,,0.840307434035015,0.757475608707993,,,,,0.7241391628721823,0.7341468895525081,0.0,0.899169569776247,0.8919420311668943,0.7727441548818061,0.9060398454999686,0.8535173606476039,0.8106422275154006,,,0.6802282791965896,0.6906650504674167,0.7981672679859645,,,,,,,,,,,,,,,,,,,0.5522610879242916,0.6084802227201831,,,,,,,,,,,,,,,,,,,,,,,,,,,,,,,,,,,,,,,,,,,,,,,,,,,,,,,,,,,,
CL:0000746,,,,0.3458605651388148,,0.48751256047957897,,,,,,,,,,,,0.8573470940757972,,,,,,,,,,,,,,,,,,,,,,,,,,,,,,,,,,,,,,,,,,,,,,,,,,,,,,,,,,,,,,,,,,,,,,,,,,,,,,,,,,,0.0,0.885784309297835,0.9182191652269776,,,,,,,,,,,,,,,,,,,,,,,,,,,,,,,,,,,,,,,,,,,,,,,,,,,,
CL:0000748,0.5420593612825337,0.6213618000487015,0.6478856026427857,,,0.8018714200681317,0.714553611593726,,0.47591996295751315,,,,,,0.5254421524476568,,,,0.49003350163559933,,0.38333565570986017,0.4857229450224008,,,,,,,,,,,,,,,,,,,,,,0.714744783150187,,,,,,,,,,,,,,,,,,,,,,,,,,,,,,,,0.36371032431948797,0.4916681979391896,0.7876333858010558,0.4047782037573698,0.4725584121819795,0.4853176871742079,0.6578158031268447,0.46014715480589435,0.42733535360191394,0.38844252479755254,0.0,0.29555910160383553,0.4440648518456793,0.6642171868938416,0.6698632467505024,0.6258843914102674,0.4188535530202648,0.6046190982325788,,,,,,,,,,,,,,,,,,,,,,,,,,,,,,,,,,,,,,,,,,,,,,,,,,,,,,,,,,,,,,
CL:0000763,0.7027460327189505,0.5732623666251397,0.6328776871290505,,,0.23087286974033588,0.207931347648728,0.37047141876936607,0.603919591294832,0.5791179489418786,,,,,0.7479172696238672,,,0.9259245367544164,0.4601143568965387,,,0.7994552598124358,,,,,,,,,,,,,,,,,,,,,,0.8253699091227598,,,,,,,,,,,,,,,,,,0.8994683045557555,,,,,,,,,,,,,,,,,,,,,,,,,,,,,,,,,,,,,,0.8446834209175986,,,,0.4687737217038772,0.45125629793252003,0.0,0.46943940649128985,0.4168648170903968,0.4926239234119317,0.5595299633047139,0.8637440511035565,0.8401775666596392,0.8587594384468549,0.893787813431429,,,,,,,,,,,,,,,,,,,,,,,,,,,,,,,,,,,,,,,,,
CL:0000764,0.623702211317172,0.6169895193243918,0.706562988050212,,,0.7772979813808886,0.7027029306937674,,0.29162276586440866,,,,,,0.45237509741132376,,,,0.39297348941488147,,0.3492453887315825,0.4584614108223907,,,,,,,,,,,,,,,,,,,,,,0.6176198831272618,,,,,,,,,,,,,,,,,,,,,,,,,,,,,,,,0.3055558454851958,0.4981245912787442,0.7801502195415059,0.2522237362121896,0.5546920808332421,0.560223963872805,0.6278510209972993,0.42462360273193267,0.6179676037109182,0.36157955072554393,0.2927510465661795,0.0,0.5237909581787955,0.696198263238217,0.6547514577963265,0.762441560143917,0.3809577367787609,0.5790895203790418,,,,,,,,,,,,,,,,,,,,,,,,,,,,,,,,,,,,,,,,,,,,,,,,,,,,,,,,,,,,,,
CL:0000767,0.934289896585797,0.2383830721039351,,,0.46599034490671304,0.48338516649572594,0.37932952812128823,0.6339036725500735,0.532877507958039,0.3730770484517695,,,,,,,,0.969835571513281,0.46498932725778125,,0.38423949336374785,0.40152001049968705,0.6432319598025869,,,,,0.042194736667715026,0.10547932237705102,0.29005221958492033,0.7396045108437652,0.0,0.3481572982099589,0.4235599910806023,0.5338584900884167,0.515232982446887,0.45901643752969923,0.23040171775596366,0.1948414230639202,0.1524422366391054,0.14883581207982588,0.5252476629197114,0.05552386247998426,,,,,0.5184958806752765,0.5620833170710918,,0.5977647230577787,,,,,0.9741924747338704,0.6042838366732179,0.9399862949881825,,,,,,,0.7917671812912123,0.8428472571782383,,,0.8181522921029895,0.9727342634604809,,,,,,,,,,,,0.4177769015063619,,,,,,,,,,,,,0.8430643404165102,,,,,,,,,,,,,,,,,0.6649175191046398,,,0.8121570934486737,,,,,,,,,,,,,,,,,,,,,,,,,0.783384160787598,0.6118773477546474,0.6199957031760817,0.714709028416935,0.9446945146097692,0.5350527128290836,0.604434718786601,0.6591319274588536,0.7582033065807081,,,,,,,
CL:0000775,0.8461673315192676,0.693457942018704,0.7239357194061655,0.6314049309025158,0.9079667876170546,0.5889380071517097,0.4860037535279461,0.0,0.712591194230095,0.635775007198685,0.6474606933558039,0.7184327967136935,0.4122309374891183,1.0,0.6985700349982681,1.0,0.7657713454320169,0.9419465493049427,0.6243347138747662,1.0,0.6068123044190303,0.5643492636878096,0.7366727336732057,1.0,0.7142928085550123,1.0,1.0,0.6812274719985901,0.762183025046663,0.6374257335124183,0.611576056544355,0.710402010002582,0.6629897886510167,0.6080802058860292,0.6429833517244185,0.2728829136695292,0.5696725430508077,0.6665799771839472,0.6636954476474145,0.6754332620187913,0.6395658134670098,0.7943109638752383,0.6154883665278598,0.7660593870840394,0.6367350783635721,0.9946339764115554,0.636058786313435,0.7877722471025161,0.7994939000169782,0.6214583237355003,0.27167367914973767,0.44672323995818025,0.3650401148312664,0.5429794437455164,0.28201810051766335,0.9034734420016985,0.6678355927141904,0.9283731913780982,0.1687233429799013,0.45267138473488655,0.29311945248022103,0.6867028521501906,,1.0,0.8565867825202702,0.9136468222361424,,,0.8821649723266504,1.0,,,,,,,,,,,,0.5256018234501092,,,,,,,,,,,,1.0,0.9872415325272375,,,,,0.7741165780883128,,,,,,0.3102780686123545,,,,,0.6284711083958361,0.6558341760970631,0.719271133107505,0.6431787957924712,0.85135554167758,,,,,,,,,,,,,,,0.5378326475545196,0.6352304587122455,0.4621064423869698,0.6367114434803961,0.5071754495945798,0.48355650456336313,0.5577054628779001,0.5698733446125956,0.5774288599583951,0.6349671781040747,0.8458104097740626,0.6944753081878817,0.6392959448110721,0.7516976281489061,1.0,0.6211673726691636,0.712209861320313,0.7152610888609638,0.8453931699394452,0.7176292643363337,0.703081520899658,0.6687331378030522,0.7454396730854786,0.8107031243198143,0.7878738259338005,
CL:0000784,0.6618918131179579,0.27756787529949783,0.39512372118300565,,0.6351143973870743,0.46991574773018846,0.4487320758147976,0.5826157882229736,0.35443318922913836,0.3224855499280712,,,,,0.5406116280815074,,,0.7490337829851403,0.15908397090709178,,0.2821101530999243,0.3232909123069498,0.37436743976036085,,,,,0.2749707636657579,0.2919804259353348,0.3872099237939662,0.583476955019542,0.3351398876810683,0.0,0.31911973010172406,0.3822318618133487,0.4801157070559341,0.39744752938509603,0.3548557268762409,0.34072165210873084,0.2370495261522826,0.32107365669382,0.4613769061576255,0.32829916614993887,0.5648871509932228,0.3167743334834153,0.27982011605612667,0.35371293119332203,0.2998306616109145,0.3392070422597874,0.3434144367881161,0.499073587494508,0.38593591736552707,,,,0.7199999325838593,0.32312809207932947,0.8583622543513981,,,0.32881950056054826,,,,0.515853965923418,0.50185648062406,,,0.7262095838204504,0.7466500426730845,,,,,,,,,,,,0.11630264531367707,,,,,,,,,,,,,0.5118206529068758,,,,,,,,,,,,,,,,,0.45336673733971106,,,0.5447316668030778,,,,,,,,,,,,,,0.425708684874906,,,,,,,,,,,0.6123581797817728,0.29284349424256745,0.34814583397012294,0.5733050200953126,0.6837425796409801,0.2005082437626289,0.3367986383918138,0.48201491448338635,0.613553319126677,,,,,,,
CL:0000786,0.7112365998568954,0.5373465270200175,0.5390042971955158,0.3212743865604186,0.7846878236515865,0.6614024696435629,0.8130673878712613,0.7300040423263042,0.0,0.5743992113145301,0.2894768149834458,0.6155466772703051,0.14325644322656747,0.7287972375880157,0.6555694195065982,0.6778946757956836,0.8792173882530041,0.6105583641117802,0.4084298971352123,0.7238918060563876,0.5911040002063161,0.6103484705626608,0.6168743974920313,0.7736773022206496,0.5122787848354892,0.73354681236817,0.7125177870798398,0.6271569791478818,0.8866036595285184,0.8464729472436476,0.6493090991564234,0.6167671565316941,0.4258926679637791,0.4645661016795673,0.5045698185229468,0.6325795352246015,0.68590374028099,0.471007101267805,0.47518940894584716,0.7824925679210231,0.546021541287421,0.3641874248144467,0.6921271836635331,0.632610737707553,0.37090310378484653,0.7264167680528629,0.38330939604541486,0.5024823564384526,0.5260688269051232,0.4695215855577564,0.5466303759143686,0.6793508699409821,0.5466028258498484,0.787470723260034,0.5407876100100034,0.763159870904581,0.6096801640228409,0.9332967445082561,0.6579354502199805,0.542240523106805,0.25227915980396,0.358224083630056,,0.24730018927647354,0.7401625080669952,0.7771422623513806,,,0.707169110190018,0.8280094584267669,0.8361898370805625,1.0,,,,0.41525508834505065,0.5129481874027839,0.7606845382156958,0.15456831052853456,0.4358510340689957,0.6626794182722866,0.5542197081850435,0.5252924466296548,0.7574862562261665,0.46991734308657607,0.4811317111924167,0.2976441601638964,0.5269029175043525,0.6620178481241302,0.587160595166137,0.796258674143008,0.48494699000489294,0.45591619468781364,0.38618515908068207,0.6200932104495087,0.5333277161818046,0.5336043476230675,0.7412451951331099,0.5205822996052661,1.0,,,,0.692322776625834,0.7083484932672197,0.7449512340223109,0.6804492336948516,0.6972309002685052,0.7096129552721393,0.7670287906534908,,0.3928311527590356,,,0.6807640409620084,,0.8347507686704898,,,,0.571365560627573,0.6557082310375815,0.7922197049924259,0.7590555143710246,0.6198770931493239,0.7673770475350677,0.8109092034800273,0.7316469661547295,0.7312928035283188,0.9245552223504876,0.8973635537356343,0.7991813174357371,0.9403042348935339,0.8318489602342635,0.89736922304351,0.7606109671588547,0.7249490531160754,0.8352990148927791,0.92591479916145,0.5915394918959649,0.22446908538576194,0.2866191884841594,0.544577087346221,0.6856357113152679,0.1502178250346391,0.3004165591711759,0.4377327967345903,0.5866621440685869,0.8295091702871753,0.8096927612144829,0.7072904614470494,0.9136048383583165,0.8629789167994205,0.9549971312780388,
CL:0000787,0.7167796068040901,0.3157203578735305,0.40291781463920917,,0.56599902991694,0.6154223556359842,0.6008260717229625,0.5693087311869078,0.3959485419276373,0.35004698829025793,,,,,0.554440399330063,,,0.5848374022300896,0.15490795505904723,,0.4056423329809502,0.35798234649313837,0.4413036222258891,,0.3828172171495456,,,0.31002716316014434,0.5091441458373569,0.4963973100339487,0.5497460174220915,0.49719685827741544,0.3377893710052231,0.0,0.16371964015889878,0.5411859283353877,0.6384047585421988,0.2578733141291464,0.2598037991031619,0.5136865033960103,0.2739965653416962,0.40911160250417733,0.4539761757721745,0.6054451549522362,0.18119108656891747,0.28437936167520905,0.21305672280179247,0.21731841219772494,0.30357887025319436,0.15333403887639716,0.5413432965559632,0.5387296289795758,0.36609871209875916,0.5480177359942953,0.24478537787455493,0.7685539914764766,0.4998369525470818,0.8491111045645926,0.294546784028864,0.4475915143182278,0.19468719478920216,0.5559381471435273,,,0.48478130518823065,0.3993524786141144,,,0.4564692273458521,0.6180053725106682,,,,,,,,,,0.3231646549354321,,0.5686643564315936,,,,,,,,,,,,,,0.5845044765567098,0.5648013352327158,0.6163541006845609,0.41645084520022085,0.5564590608810175,,,,,,,,,,,,,,,0.5289871232966321,,0.4992888362569063,,,,0.07791620204957596,0.16992130206853998,0.3267905255665223,0.30045502046580824,0.3119932955628005,0.3123658814929696,0.5492743706771274,0.2822013797009822,,,,,,,,,,,,,,,,,,,,,,,,,,,
CL:0000788,0.729573376676176,0.4130038338941616,0.47071275909671517,,0.6706793471755447,0.6897603342103044,0.7024474327135558,0.6416239907461856,0.4537462676020387,0.44573974345024714,,,,,0.5849418575455694,,,0.5805827954068684,0.2560646789899774,,0.5592297535776014,0.46481408040131855,0.48643779581918306,,0.43537128180596735,,,0.46041061490098956,0.7123747507406695,0.6917277799643268,0.5860928278158878,0.6590350286176421,0.42184590342646094,0.17435259329028582,0.0,0.6094587458438229,0.7389420539864768,0.34198719491448504,0.3430364601183231,0.681278913281942,0.3896300974680578,0.6121505448334779,0.5510277455766246,0.6422444050682105,0.24820366154027615,0.4893982220621394,0.25957386790866693,0.38047535586684894,0.4289491589460502,0.20775820128964959,0.578190422603197,0.5899636841665853,0.4130437718021097,0.5764332807606892,0.27626477061836424,0.8016187896050744,0.538785997047626,0.8638934946666121,0.3460941897672646,0.48808163348833383,0.18672382153046538,0.5003058355274371,,,0.5398380863139827,0.4355704248643808,,,0.47940389585226795,0.630431723127936,,,,,,,,,,0.2851697706236263,,0.6012273388498999,,,,,,,,,,,,,,0.5651967520753436,0.5484272401850454,0.6753823498005876,0.4296683740436542,0.8285840041686231,,,,,,,,,,,,,,,0.5489250869233446,,0.5528856723488313,,,,0.1415210742001258,0.27808875033043357,0.3322411158092747,0.359211632819895,0.33939099235913006,0.36741420722783613,0.5680919254331653,0.35099699312508575,,,,,,,,,,,,,,,,,,,,,,,,,,,
CL:0000794,0.7591753193890323,0.07897931376586587,0.5779831404420066,,0.6187697981649315,0.8709344399635733,0.9102966597596193,,0.48139892633926784,0.10410115269441944,,,,,0.685444563860503,,,0.6480208881843005,0.6013752011730772,,,0.19866411481131407,,,,,,,,,,,,0.45801340445859695,0.46107518643131273,,,0.0967423563572758,0.08575176047845354,,,,0.7526002222724063,0.6768892740631561,0.13099932839233291,,0.03856854066573897,,,0.6211368797256613,,0.7956629885742813,,,0.315041046690749,,0.6959708007302892,,,,0.08346863647904797,0.6421956349068564,,,0.6906160752217612,0.6396624625135237,,,0.6727174291512875,0.7521535799123107,,,,,,,,,,0.43632435848795603,,0.8041510258374956,,,,,,,,,,,,,,0.6205521666663578,0.6197587941231028,0.7004115032095174,0.0,,,,,,,,,,,,,,,,0.7050896331078176,,0.6948400920106611,,,,0.5763269702998304,0.5345285121107255,0.5557376806178385,0.5559587752122693,0.34273779768514384,0.5617443823904358,0.7427765562332324,0.5437595490626047,,,,,,,,,,,,,,,,,,,,,,,,,,,
CL:0000807,0.6063585368495032,,,,0.18039709292499329,0.8026428535933968,0.8169344064934712,,0.4667681851620958,0.494637657687016,,,,,0.36277575042025395,,,,0.288926192531643,,,0.35930146819733216,,,,,,,,,,,,0.07713805138755733,0.1387523294069104,,,,,,,,,,,,,,,0.11459296981876221,,,,,0.2194806009773249,,0.401827920788306,,,,,,,,0.49400589137102463,0.3807943199413502,,,0.4378755023504011,0.6098251703400789,,,,,,,,,,,,0.5465743221741525,,,,,,,,,,,,,,,,,0.5172174657351829,,,,,,,,,,,,,,,,0.5007208396039913,,0.49257590706458704,,,,0.0,0.15742307803064054,0.2723599759542737,0.2669258469399832,0.2753701624757108,0.27569384484551396,0.5236769638996003,0.2525071207610311,,,,,,,,,,,,,,,,,,,,,,,,,,,
CL:0000808,0.6016570976234247,,,,0.16841849476482626,0.7922614112762748,0.8078726937018885,,0.5297287748908311,0.4687193135750723,,,,,0.34341686295249285,,,,0.24660577085596985,,,0.3361322384656418,,,,,,,,,,,,0.16635829385631157,0.2696238642180333,,,,,,,,,,,,,,,0.26014117898595834,,,,,0.15673268201856522,,0.4109362812378272,,,,,,,,0.47119827796352126,0.3746356997504294,,,0.44328466294717744,0.602330822906113,,,,,,,,,,,,0.5080332581775711,,,,,,,,,,,,,,,,,0.47438489893326347,,,,,,,,,,,,,,,,0.49532383793118806,,0.44864855720180574,,,,0.1556768879956246,0.0,0.2663541625894166,0.17819593084807886,0.3159469315434544,0.18678500590659905,0.5318916175620414,0.14707352450619995,,,,,,,,,,,,,,,,,,,,,,,,,,,
CL:0000814,0.7007696064720006,0.20391432088280353,0.6124326805515456,0.7258437630088462,0.7063799460878668,0.6086382382928751,0.5497364501322567,0.6054262016408021,0.5206555242261712,0.0,0.6924533262353189,0.7690569255925066,0.563871117639489,,0.4876927557722476,,,0.7134045690332702,0.42652502271380377,,0.15614301859611288,0.1425774349237112,0.6623610860836182,,0.5073680679393526,,,0.194610657076003,0.2232889554613126,0.2970418839469462,0.46887526335510776,0.3721976303952033,0.3375966127870125,0.3454505829002893,0.41422132764459146,0.47615949304099664,0.5138396124753594,0.15527664683749587,0.14160038738978487,0.051167225730843736,0.10714146245635543,0.4181311385780425,0.395395714871435,0.6779628639736499,0.16142073223049244,0.3825931118790927,0.07904443400777177,0.1983763087844191,0.10624111177173765,0.2682201709097113,0.5055247003741965,0.5519206548159686,0.45721148943185863,0.6068850710383452,0.40233074284433734,0.734388751313302,0.5977381285254956,0.9067010017336633,0.39269930244421425,0.5357100075250589,0.088202343607383,0.6368406194187298,,0.3660659777670986,0.5895343194279479,0.682652554787732,,,0.6535157754810369,0.8233463226476531,0.7820111423405585,0.9666565542907128,0.7099914053902315,0.7191791913726742,0.803382642020105,,,,,0.433040414373701,,0.5394470065110317,,,,,,,,,,,,0.6297965433635554,0.6960118779997879,0.6226549106225606,0.6171821574159112,0.6964760378961291,0.09946481300531586,0.5901975385723366,,,,0.4533865895092665,0.4324298913547316,0.5522293726380961,0.4599720638027314,0.40574999133352924,0.4696309640716898,0.5373662465449187,0.7647016620890819,0.6826657569692909,0.8599730672187123,0.7542105472809458,0.6444729307278653,0.9168395235483854,0.8032896378154846,0.5692387397605895,0.5177156609498214,0.5163169618924957,0.5170690444771676,0.49547126087782906,0.5413156627171312,0.5574650770228166,0.26161146504734323,0.5622758722119978,0.7168575005174478,0.5415498056880383,0.49468795607237226,,,,,,,,,,,0.7332281282605904,0.496965931748385,0.5227194986095204,0.6575821109880785,0.8348203440747898,0.45182919113984144,0.5327678604509988,0.5861477901488137,0.7259905065470121,,,,,,,1.0
CL:0000815,,0.1162435440686938,0.3891974209376834,,0.6382031883532052,0.6348413878735321,,0.5897687952759557,0.3309953721102013,0.1599433926705226,,,,,0.5468152716545404,,,0.6255053362536365,0.2557924483333061,,,0.057444499087284134,,,,,,0.19705978328246146,,,0.18591586323760267,,0.33097921795346646,0.18342849581196297,0.23918204994435718,0.47843218627250134,0.7195222935891142,0.10191092613517817,0.0959475470544384,,0.13782806841566309,,0.4359234324354557,0.6489408886836958,0.0,0.18372115360818433,0.11637035742435682,0.1280416096171881,0.23343631316180288,0.1013232095979326,0.5407577710924362,0.5327535871645372,,,0.06585447261873957,,,,,,0.10097502270254438,0.6365929988176225,,,,,,,,,,,,,,,,,,0.4037478757337272,,,,,,,,,,,,,,,,0.6050956138333309,0.60761644192796,0.6444549701283959,0.1246964073053551,,,,,,,,,,,,,,,,,,,,,,,,,,,,,,,,,,,,,,,,,,,,,,,,,,,,,,,,
CL:0000823,0.5847894400098783,,,,0.35277366579549513,0.7561030861749485,0.752797782755745,,0.5963812373737087,0.4771779593994084,,,,,0.1561403106668825,,,,0.32507514004649374,,,0.3390602696899725,,,,,,,,,,,,0.2981271231792828,0.30016751303460654,,,,,,,,,,,,,,,0.3201109918088053,,,,,0.13123395499849577,,0.3958826358597835,,,,,,,,0.5114421464321585,0.34267281785569303,,,0.389514304492273,0.594989130652851,,,,,,,,,,,,0.42992331459646016,,,,,,,,,,,,,,,,,0.45958434459531505,,,,,,,,,,,,,,,,0.4720501116858997,,0.5127512468236132,,,,0.2509772931340282,0.24819606429112223,0.0,0.17632658770552992,0.3344153214152953,0.1635903710382881,0.5262021314653361,0.19199075861087214,,,,,,,,,,,,,,,,,,,,,,,,,,,
CL:0000841,,0.2067959243742411,0.2521034705273468,,0.2804300971406633,0.7584192877335371,,0.8037089882703123,0.5490478928018255,0.3406179888738469,,,,,0.39286850213396607,,,,0.2456309002412998,,,,,,,,,0.16619344348944984,,,,,0.281457377213632,0.25169084647157014,0.4118132777774742,0.7558304226285015,0.5568795820097011,0.24278634305491054,0.22635817243713427,,0.2183895027996181,,0.3718928560069994,0.5027545747840819,0.16332593395270353,0.0,0.2561384808606997,0.19507739501072174,0.259517689898478,0.22224577742514193,0.7013143120915971,0.5631026263541249,,,,,,,,,,,,,,,,,,,,,,,,,,,,,,,,,,,,,,,,,,,,,,,,,,,,,,,,,,,,,,,,,,,,,,,,,,,,,,,,,,,,,,,,,,,,,,,,,,,,,,,
CL:0000860,0.9181059058313198,0.6385133815092238,0.5882174675836169,,0.8751787623015416,0.436047661705418,0.15550549953614107,0.2584851508492889,0.59524472168753,0.5186232641178334,,,,,0.9845492644449751,,,0.8868742682163087,0.7308153939265349,,0.5366145344913954,0.4061468123045449,0.6035518963139144,,,,,0.5064659674211196,0.44349456052807773,0.3244532565309297,0.45840706540078613,0.5276428954500432,0.546163134091682,0.5695370805591101,0.6067726138282259,0.0,0.4086761722891155,0.5533838895293327,0.5471249253207028,0.4754707787382344,0.5386540288165583,0.646998555363407,0.44630199078014926,0.9465657042160288,0.5529062487356295,1.0,0.5549640847050449,0.7604364685107778,0.7766438492693716,0.538869141272439,0.16435009581222018,0.3238611241794288,,,,0.8905869683943362,0.6114006986156554,0.939112735204443,,,0.13045916031079685,,,,0.7950561425390854,0.8167001745732203,,,0.7999690218221286,0.9092370765983172,,,,,,,,,,,,0.4243639820427252,,,,,,,,,,,,,0.8200194949257645,,,,,,,,,,,,,,,,,0.612422558173626,,,0.728715783996089,,,,,,,,,,,,,,,,,,,,,,,,,0.7340483614999509,0.5717352114072922,0.5364518421334478,0.6785527441297269,0.8952126724580195,0.4961239304657055,0.5952152727258643,0.6262505429825327,0.7281447588605786,,,,,,,
CL:0000875,0.8101832663196543,0.48622863607538597,0.5007470228338856,,0.6561904226045523,0.3519330931815907,0.37286501842946745,0.4822675202952536,0.5413930075383802,0.48014056239830066,,,,,0.623457860073929,,,0.7223947965356327,0.43584825801515065,,0.4404954841626063,0.46859070853241847,0.4423726749150751,,,,,0.4984874070776665,0.4619355494220085,0.46773141747625646,0.7911973281010088,0.45350809135204706,0.393115605247582,0.563073198557211,0.6204958324436216,0.34749997823473117,0.0,0.6002905911545855,0.5838621647677953,0.4469890346898598,0.5320210231627155,0.6241886599482691,0.34872278752417885,0.4424662076819885,0.6220606424683637,0.5415689766462161,0.6288497669988105,0.4914582727203998,0.5102318086044222,0.6241978501320019,0.24875296077329817,0.13316762804577065,,,,0.7163204888745293,0.42446673853848893,0.8715704059707479,,,,,,,0.7022597740382169,0.71719912462021,,,0.698055445031298,0.7799496676572382,,,,,,,,,,,,0.2234652934194484,,,,,,,,,,,,,0.5864268921385621,,,,,,,,,,,,,,,,,0.4357819604442773,,,0.540881672203619,,,,,,,,,,,,,,,,,,,,,,,,,0.6142836021324736,0.3432632308003762,0.3492349839796337,0.5750679153179032,0.738828460063599,0.2781980475733169,0.4181722738749563,0.48120914287812927,0.6112537118867393,,,,,,,
CL:0000893,0.6013574025891383,,,,0.293064314847079,0.814581107051346,0.8084920399587928,,0.6136903412558005,0.527770200638687,,,,,0.2776186203683848,,,,0.2871902174449225,,,0.3835921655461544,,,,,,,,,,,,0.2943804161496081,0.3485444085216807,,,,,,,,,,,,,,,0.36261199769593966,,,,,0.06904907066632038,,0.4028973357042186,,,,,,,,0.4785835453775947,0.33824352861383705,,,0.4080191848084642,0.6090221315093286,,,,,,,,,,,,0.49548690623493036,,,,,,,,,,,,,,,,,0.4937821527578221,,,,,,,,,,,,,,,,0.46712388521268455,,0.4537883876060264,,,,0.2641673808752236,0.1783325426974788,0.18937176205694523,0.0,0.4025523646138576,0.06514708352175853,0.5267214697427611,0.051884311954258584,,,,,,,,,,,,,,,,,,,,,,,,,,,
CL:0000894,0.656273539878006,,,,0.38227225380489815,0.8367784029678434,0.8479891777688988,,0.5256490665374702,0.25977570588294124,,,,,0.4930084415122377,,,,0.43435302682513893,,,0.1607046822498353,,,,,,,,,,,,0.3206190127504291,0.34540021255605957,,,,,,,,,,,,,,,0.2973333663849053,,,,,0.3786184865668227,,0.5114816522316048,,,,,,,,0.5688038201968992,0.4843573272977622,,,0.5210942660855185,0.6553339801543526,,,,,,,,,,,,0.6543668324589684,,,,,,,,,,,,,,,,,0.31927827058719144,,,,,,,,,,,,,,,,0.5781310447798906,,0.5872414188943892,,,,0.28583802543237874,0.33163588865773064,0.3767021900651501,0.4222181936327159,0.0,0.4268090856456533,0.5976222173223829,0.4078886034279267,,,,,,,,,,,,,,,,,,,,,,,,,,,
CL:0000895,,0.17568788141051164,0.3785855419023812,,0.5754018576167684,0.6227636947050444,0.5194923884234778,0.6113715092313813,0.40221965940532317,0.1589912595180076,,,,,0.5833974668610533,,,0.6255638924629666,0.23251648204504316,,0.10829884877763235,0.0918933669538596,,,,,,0.20419045736507294,0.19819554231751088,0.35630651882315695,0.4873123590758563,0.24355093133822617,0.3665262874686843,0.2504670653133826,0.3158323250876263,0.5072901596423445,0.6513696946691192,0.0,0.03449580488454761,0.23935977350376653,0.16345254209167046,0.5446916143073152,0.39951463944962007,0.6410610572566028,0.10402328502031695,0.2769433642922616,0.10733924806013384,0.08846808592257971,0.23819558460566953,0.07528270042303284,0.5364811131720266,0.554585376161655,,,0.047258162017174345,,,,,,0.10371625602254646,0.6459080619392671,,,,,,,,,,,,,,,,,,0.41579041107180875,,,,,,,,,,,,,,,,0.607560768097432,0.6042859752919167,0.6943234208210175,0.09673671928523368,,,,,,,,,,,,,,,,,,,,,,,,,,,,,,,,,,,,,,,,,,,,,,,,,,,,,,,,
CL:0000897,,0.1535285833134938,0.3893299160819488,,0.5838853020111735,0.6154049319801607,0.4844188856080425,0.6072387477900348,0.4054338265336862,0.1444738763770583,,,,,0.5616644527775025,,,0.6368100581060456,0.22047054469056745,,0.11133848120513554,0.07646856547693509,,,,,,0.191456488228792,0.15491416371252945,0.33475170794980424,0.49323327669458444,0.20579757834642748,0.3510205844512027,0.2522281421328352,0.3162452999043287,0.4992493994676717,0.6327739357427593,0.03443796573234368,0.0,0.20720607557247717,0.14613839180128083,0.5461711318606675,0.39055699329640703,0.6440195778155209,0.09780681314671398,0.2567662376546981,0.09418923462430573,0.062337928528125995,0.22109680940579418,0.07146649662141019,0.54295423592058,0.5538253959843461,,,0.05164020098622431,,,,,,0.09516589960540353,0.6447708738513238,,,,,,,,,,,,,,,,,,0.4236906952242457,,,,,,,,,,,,,,,,0.617558710919692,0.6144269676254944,0.6939473096817181,0.08566729305402182,,,,,,,,,,,,,,,,,,,,,,,,,,,,,,,,,,,,,,,,,,,,,,,,,,,,,,,,
CL:0000900,,0.1514439225326862,0.411004639295292,,0.9568798261149548,0.5250115788905081,,0.2893252758016707,0.24517922202248643,0.08682273905922411,,,,,0.7198870694820185,,,0.6775698012525264,,,,0.07624246817596593,,,,,,0.17365051553928215,,,0.20969119709946332,,0.3146407465195837,0.2056823658144592,0.18741014567275557,0.13161677229997962,,0.10201013166132585,0.09352293262764451,,0.09662820502573531,,0.4284370730824902,0.6777379764271388,0.10320532043111845,,0.07527458712763961,,,0.04949910246462336,0.2782492445917241,0.47058239665116175,,,0.14521088236425014,,,,,,0.0,0.6611700888584743,,,,,,,,,,,,,,,,,,0.46902303912184035,,,,,,,,,,,,,,,,0.643028261236756,0.6486379964528585,0.6822693357684532,0.08159044030424584,,,,,,,,,,,,,,,,,,,,,,,,,,,,,,,,,,,,,,,,,,,,,,,,,,,,,,,,
CL:0000908,,0.2589233523278091,,,0.5041170524487745,0.48207950045429543,0.43785094134326585,0.5676653757321685,0.5798814044062748,0.050684860894945775,,,,,,,,,,,0.28198208132934666,0.20722305158948015,,,,,,0.15857520809093648,0.1844663049623978,0.3783496659539524,0.7410695362218471,0.15274419767651587,0.21927631154887955,0.43847427577380815,0.5529705619442636,0.4483216681788991,0.4186692053535047,0.2268853700138978,0.19656352313126274,0.0,0.01843660408053263,0.5217799765859539,0.13816341378500357,,,,,,,,,,,,,,,,,,,,,,,,,,,,,,,,,,,,,,,,,,,,,,,,,,,,,,,,,,,,,,,,,,,,,,,,,,,,,,,,,,,,,,,,,,,,,,,,,,,,,,,,,,,,,,,,
CL:0000909,,0.12446607092771599,0.41985299396933806,,0.6783755494347954,0.6514937024615244,,0.5973536931726999,0.3496691279248736,0.0803083964192784,,,,,0.5718118496530985,,,0.6454397351385601,0.2857588712263538,,,0.06463576653909855,,,,,,0.23051403168431395,,,0.19401246002458009,,0.3763942597790142,0.22311926638086935,0.25731533423908043,0.48857164774155953,0.7413217752522974,0.1077852037654096,0.09499291314380302,,0.13011106463757,,0.4834582947717463,0.6721098441340954,0.11978080489436056,0.29364807998882864,0.0,0.19672546952935843,0.06785373215621208,0.09995089233353105,0.5459244322005964,0.5603503960660504,,,0.06786753332820585,,,,,,0.07666340296008592,0.645185835520654,,,,,,,,,,,,,,,,,,0.4354860425105273,,,,,,,,,,,,,,,,0.622113198582315,0.6184924764189831,0.6995107313630359,0.038658956656684625,,,,,,,,,,,,,,,,,,,,,,,,,,,,,,,,,,,,,,,,,,,,,,,,,,,,,,,,
CL:0000921,,0.18057366179656711,0.31753819224859614,,0.610694383940989,0.5342618956548056,0.4380593031912436,0.5726285973088135,0.4440309845978696,0.10677221812122091,,,,,0.3566002115632447,,,,0.2644718826782937,,0.282853776746286,0.1808124162915117,,,,,,0.18388264345279,0.18438758000277522,0.3767591197635961,0.49372340366974443,0.15066375982145275,0.3258711317637655,0.24995533907693943,0.3412660365249974,0.47989282672927613,0.5670462636613034,0.15893227511091246,0.1424726384009494,0.018626140717936394,0.0,0.521954816060538,0.2822732454666186,0.6196966649481332,0.13689389212946546,0.24412603959845675,0.1279306609399652,0.09304165593024225,0.1281063372315459,0.0661366198249464,0.5274411847404261,0.45135385119364985,,,,,,,,,0.09580034014023732,,,,,,,,,,,,,,,,,,,,,,,,,,,,,,,,,,,,,,,,,,,,,,,,,,,,,,,,,,,,,,,,,,,,,,,,,,,,,,,,,,,,,,,,,,,,,,
CL:0000980,,0.7315487869670677,,,0.772258382091527,0.6438133278894307,0.6477879869562218,0.7978100387716804,0.30887512641607084,0.5089381785379377,,,,,,,,,,,0.53639234713966,0.5338539706588854,,,,,,0.5229428609888642,0.6024889846983229,0.5745530188579808,0.9825079301099924,0.6977512799396238,0.5658294946626206,0.4401173172439314,0.5988393748963834,0.8088096286985794,0.7751167584903802,0.6845152378885551,0.6869201997167816,0.691774441818153,0.6849644983362033,0.0,0.6869516707643561,,,,,,,,,,,,,,,,,,,,,,,,,,,,,,,,,,,,,,,,,,,,,,,,,,,,,,,,,0.5223098451149651,,,,,,,,,,,,,,,,,,,,,,,,,,,,,,,,,,,,,,,,,,,,,,,,,,,,,,,
CL:0001044,0.8836008859699045,0.02635897615271927,0.3616654621922129,,0.33124234421618093,0.6555924425842824,,0.7227845201068737,0.4592141956918149,0.19775118920731474,,,,,0.40408225130878817,,,0.8194915885853907,0.23384285984673353,,0.09973640262567333,0.10460570268444096,0.5556994593114429,,,,,0.22443797527417783,,,,0.509939213997472,0.3325581057955376,0.21602096482069857,0.3595791667184101,0.6814045902152193,0.5506490626408447,0.08710637746605865,0.061722095182582266,,0.09348138043207058,,0.5352331869970129,0.6071185961751218,0.12784305596647605,0.21909727668187212,0.19272510291917327,0.0,0.12623045916391815,0.08052016941103915,0.6367388168042017,0.7052052709753802,,,,0.8046015416239517,0.525296973524423,0.9244738295903031,,,,,,,0.766103689766045,0.8054426909651415,,,0.7793906651744739,0.8530711351017821,,,,,,,,,,,,0.25211285415000545,,,,,,,,,,,,,0.7501840183805166,,,,,,,,,,,,,,,,,0.5680149758593287,,,0.7178459032940159,,,,,,,,,,,,,,,,,,,,,,,,,0.7137061158601606,0.46158941234067663,0.4917694568233729,0.6544201817333594,0.8101259703653813,0.40561957080813965,0.5065479710437901,0.5757560391674533,0.7118579228829953,,,,,,,
CL:0001050,0.9089890719727307,0.19754173535568864,0.4541479618825661,,0.42818573258743653,0.6778461421386733,,0.7429174276839743,0.4893323123889028,0.10712008939603121,,,,,0.41576846822293695,,,0.8586995837747922,0.29591524720968526,,0.1403716131159212,0.06428722729257258,0.5878070249791015,,,,,0.3041147477703158,,,,0.5626225161241085,0.38077635708424784,0.30457298153788925,0.40916103309619745,0.7055622713531647,0.577759752770451,0.23671047926239788,0.22094858510561494,,0.12990885531382798,,0.5913549973991732,0.6486831605667804,0.23524201460476285,0.29418292020412573,0.0670921782287072,0.1276448326926499,0.0,0.15100502439149577,0.6578163574335298,0.7228870850665474,,,,0.8382420148260329,0.5670190235816459,0.940888011343593,,,,,,,0.785395648016341,0.8281096256073159,,,0.801311050748984,0.8799458185055418,,,,,,,,,,,,0.3092230463606081,,,,,,,,,,,,,0.8007052094259353,,,,,,,,,,,,,,,,,0.5966233810808302,,,0.7623239909393454,,,,,,,,,,,,,,,,,,,,,,,,,0.7422723464451085,0.4999526398687818,0.526916308743873,0.6760485837274455,0.8413567666947142,0.45153892848698407,0.5412610550651635,0.6011996314108891,0.7378456283189664,,,,,,,
CL:0001065,0.6031112269890658,0.08462332737949928,0.31057814510259074,,0.5193697093311992,0.6360362811345038,0.8297551749368833,0.574779524120939,0.4053086808916658,0.26313509642894767,,,,,0.40044193455829724,,,,0.3020998976393846,,,0.2438261583321589,,,,,,0.19060325174887693,,,0.18131845661302504,,0.36059976324748566,0.15314172062024464,0.20030813135034467,0.4652140265555766,0.7218960124858259,0.07432347487572816,0.07095378156445799,,0.06633756437111889,,0.31800047031368706,0.6195143623154948,0.10122439475921348,0.24996452395596575,0.09829178402201787,0.08063424165306549,0.1498255110037241,0.0,0.5268818695417206,0.41856217233378257,,,0.3232062256430402,,0.4190363660258092,,,,0.04917762616337702,,,,0.5267545212967926,0.419147751685124,,,0.4614140319114212,0.6104432118898199,,,,,,,,,,,,0.6070145484049856,,,,,,,,,,,,,,,,,0.5661797555454227,,,,,,,,,,,,,,,,0.5272403975006509,,0.537241582464007,,,,0.1163913638141815,0.26718750511133454,0.3528354600557003,0.3721486009902365,0.29093991516306367,0.37854278723436735,0.5328847647355565,0.36012756585531613,,,,,,,,,,,,,,,,,,,,,,,,,,,
CL:0002038,0.572354315976881,,,,0.29715124145064636,0.7844511684938258,0.7861451643897013,,0.6032697551833395,0.5176111777461925,,,,,0.23490874714626953,,,,0.2626611264130181,,,0.3794716155391173,,,,,,,,,,,,0.29759116950305975,0.34664957503937044,,,,,,,,,,,,,,,0.3586474549213074,,,,,0.06889548632312824,,0.4099017968682129,,,,,,,,0.5017292163360326,0.35758442957338255,,,0.4211186946545048,0.597466846063586,,,,,,,,,,,,0.45905136841687383,,,,,,,,,,,,,,,,,0.48513045181988945,,,,,,,,,,,,,,,,0.47339900690798603,,0.4707508517749142,,,,0.26530328659751157,0.18176147098265436,0.17083708544103804,0.06334640559643949,0.39568181716743883,0.0,0.5304672745695104,0.056943320451033945,,,,,,,,,,,,,,,,,,,,,,,,,,,
CL:0002062,0.736285244303613,,,,,0.34799467794682887,,0.5684223412814854,0.20988148899440737,0.4307726689180261,,,,,,,,0.6102666453028348,0.26367666028521236,,0.3296999173780749,0.44067831097762433,0.32563055023059795,,,,,,,,,0.527443415721283,0.2764381576464914,,,0.4932989956256769,0.31912279840162827,,,,,,,,,,,0.4045705245293075,0.4305503557241011,,0.4227607298900327,,,,,0.5886491535808105,0.31080368210501413,0.8102760855245189,,,,,,,0.6391353418938578,0.6439821940518223,,,0.6232534297337246,0.6866080904660461,,,,,,,,,,,,0.3183145321606868,,,,,,,,,,,,,0.45113413866488367,,,,,,,,,,,,,,,,,0.25319742043671795,,,0.3949010091182366,,,,,,,,,,,,,,,,,,,,,,,,,0.5369871926961365,0.0,0.1383272694303056,0.489401030699671,0.6203876444522791,0.19011052348391608,0.2882697924946759,0.35198306246062494,0.5402557392968845,,,,,,,
CL:0002063,0.802523550510657,,,,,0.39431695873030836,,0.5453089203418556,0.2792860116746605,0.4721897400040049,,,,,,,,0.7107942220736404,0.3239814757005553,,0.38274774762372865,0.4828568766251626,0.35591951831967955,,,,,,,,,0.5569632009400881,0.3424916081966383,,,0.4823611865569496,0.33835656729813235,,,,,,,,,,,0.4491860643430433,0.4728931789469,,0.41560584702404046,,,,,0.7004459968021878,0.4183176321153407,0.8444216193991023,,,,,,,0.7063123680206062,0.7295333848645912,,,0.7046565901769561,0.7769637656342246,,,,,,,,,,,,0.3723124365377042,,,,,,,,,,,,,0.571044263653851,,,,,,,,,,,,,,,,,0.17776301027342617,,,0.43235722953920497,,,,,,,,,,,,,,,,,,,,,,,,,0.6323689805074474,0.14415646585914207,0.0,0.4360755541270464,0.723737558103629,0.2608068705035425,0.2994295402531182,0.2769176757630435,0.6253968589514574,,,,,,,
CL:0002064,0.4257217863058898,0.4159049085079094,0.35586171995875115,,,,,,0.5650499842664264,0.47756667295156835,,,,,0.8304072608006257,,,,0.4886339818729824,,,,,,,,,,,,,,,,,,,,,,,,,,,,,,,,,,,,,,,,,,,,,,,,,,,,,,,,,,,,,,,,,,,,,,,,,,,,,,,,,,,,,0.1139454651712275,0.18840728880668026,0.4808608351661136,0.0,0.18820039391987362,0.15262237250839017,0.5417003358072002,,,,,,,,,,,,,,,,,,,,,,,,,,,,,,,,,,,,,,,,,,,,,
CL:0002071,0.7880894086834084,,,,,,0.7897290961569827,0.4540069948188394,0.6311367394840713,,,,,,0.2954910533069566,,0.24756773835309473,,0.40842226049101016,,0.21680116917698675,0.2203433537378349,,,,,,,,,,,,,,,,,,,,,,,,,,,,,,,,,,,,,,,,,,,,,,,,,,,,,,,,,,,,,,,,,,,,,,,,,,,,,,,,,,,,,,,,,,,,,,,,,,,,,,,,,,,,0.5201481755476033,0.14040354007558808,0.0,0.16983850788036012,0.31221696833437873,0.13770765202212643,0.18414830826964684,0.2168217483823989,0.43918195284408446,0.13073026900081916,,,,,,,,,,,,,,,,
CL:0002079,0.3836228941661702,0.373023046162666,0.2723300738815594,,,,,,0.5718026319141742,0.416044189787624,,,,,0.8201051211212409,,,,0.4748821685550104,,,,,,,,,,,,,,,,,,,,,,,,,,,,,,,,,,,,,,,,,,,,,,,,,,,,,,,,,,,,,,,,,,,,,,,,,,,,,,,,,,,,,0.13883181669708894,0.12286075855047288,0.42170960427204845,0.18586555553706802,0.0,0.1716024116649528,0.4964836669549937,,,,,,,,,,,,,,,,,,,,,,,,,,,,,,,,,,,,,,,,,,,,,
CL:0002138,0.5448407639483396,0.5068075200044698,0.2319614704877678,,0.5012811699177453,0.5767426103534891,0.7062754899112921,0.591243051775158,0.5228554696901011,0.5503498566374374,,,,,0.4961654296170825,,,0.4539790687594691,0.4342218085666059,,0.44726175303217985,0.5021014750087331,0.5337288662770481,,0.48791451854897777,,,,,,,0.5068708420410866,0.31056299615431016,0.4934789966377327,0.5243562132452213,0.5133174797002398,0.3839892282164285,,,,,,,,,,,0.4480104351902105,0.47515745506973,0.3963423686982167,0.4620562305265815,,0.5372905031962749,0.6626279791229732,0.4983961351025793,0.4497422348476873,0.0,0.8245559292100665,0.6220269313580263,0.5107566577370211,,0.547938826737342,0.6313916531070021,0.6300631330592881,0.32932898937717814,0.34015975846012747,0.28947149761520025,0.38635793577739724,0.3036319798874629,0.542343510882839,0.6213480436528893,0.566730066032499,0.6288294547151597,0.6115708128391582,0.629701442598301,,,,,,,0.4759323680624705,,,,,,,,,,,,0.2322509567696618,0.30186271045038443,,,,0.6000353344630994,,,,,,,,,,,,,0.44248248315386046,,,0.3251947729532438,0.8097285866881574,0.6603863653516461,0.23456484436156558,0.24468854507966734,0.143762009478484,0.38603055227424804,0.39920898994195264,0.4127212948102467,0.3910996276674931,0.47337847376140074,0.4092096155339543,0.4121892587680209,0.40540561431382777,0.33398259962331345,,,,,,,,,,,0.31461747507484916,0.3024342598185642,0.3905932009998015,0.5256963566435242,0.4681659393111672,0.2542586867206499,0.3361399135690491,0.4721986976875206,0.3528547525451806,,,,,,,
CL:0002139,,0.4464516919865321,,,0.3721896423009027,0.5326346914970717,,,,0.4996128067142066,,,,,0.36196887424033536,,,0.43671936744111645,,,0.4695383184403089,0.4757448634822558,,,,,,,,,,,,,,,,,,,,,,,,,,,,,,,,,,0.37146244783278853,0.26027507645481124,,,,,,,,0.2037158058654455,,,,0.17343520784093,,,,,,,,,,,,,,,,,,,,,,,,,0.3917393434711911,,,,,,,,,,,,,,,,,,,,,0.31666064087026885,0.8771904332053787,0.8959216894168582,0.41002322896048066,0.0,0.37781935630716684,,,,,,,,,,,,,,,,,,,,,,,,,,,,,,,,,,,
CL:0002144,0.7702446509360046,0.35392559341047547,,,0.4214351080921297,0.6625881969545943,0.8858519690921507,0.8652720539986396,0.6922304858709082,0.5889798897795917,,,,,0.5094901136840428,,,0.7073044618546246,0.5411316034578694,,0.6182517951845856,0.6205934916965464,0.911990073647359,,,,,,,,,0.8423177928367203,0.5690092021622228,0.5204280782963394,0.5739269986713307,0.8466035149294437,0.8057407287206428,,,,,,,,,,,0.828691592173634,0.8347387133722662,0.5623665196838955,0.8199775586705851,,,,0.5400188918508784,0.5955823351342158,0.40106883865272136,1.0,,,,1.0,0.9251609024270062,0.9123268835806463,0.0,0.22314194373747398,0.7685851540975194,0.8605587919204953,0.18071083956312153,0.7821648432069457,,,,,,,,,,,,0.8090286946798103,,,,,,,,,,,,0.3302257774813132,0.5789513966691032,,,,0.6720705866189192,,,,,,,,,,,,,0.8312998991835802,,,0.6392135288657652,0.8522775537544047,0.7599032447958398,0.33920174032362593,0.19902464789935453,0.31341201741114083,0.5356808186014904,0.5166803205764053,0.6018376287389325,0.5243764379788488,0.5942009607649513,0.5653635414616801,0.6931600589150465,0.5378851601952469,0.347921584778548,,,,,,,,,,,0.5879208405979793,0.7887871224536066,0.8364451499041724,0.8702424611943859,0.8989270559474493,0.7824398092179773,0.8496008490969973,0.8583598983591,0.5701033703471521,,,,,,,
CL:0002149,0.6466902425525276,0.7287336550101853,0.7147078213080619,,,0.8187565613998903,,,,0.7220915297015774,,,,,,,,,0.6193913360103972,,,,,,,,,,,,,,,,,,,,,,,,,,,,,,,,,,,,,0.7255906240193031,0.6472008792898153,,,,,0.09582574036636178,,0.6975784416424824,,,,,,0.7737764267943393,,,0.08252993324023657,0.0,0.7608746614482763,,,,,,,,,,,,,,,,,,,,,,,,,,,,,,,,,,,,,,,,,,,,,,,,,,,,,,,,,,,,,,,,,,,,,,,,,,,,,,,,
CL:0002250,0.7883246822861134,,,,,,0.7743154091516085,0.6327153290495374,0.7608527024776448,,,,,,0.4842109697327871,,0.39030686333806974,,0.5984764432434628,,0.4680318467887249,0.4842310204189917,,,,,,,,,,,,,,,,,,,,,,,,,,,,,,,,,,,,,,,,,,,,,,,,,,,,,,,,,,,,,,,,,,,,,,,,,,,,,,,,,,,,,,,,,,,,,,,,,,,,,,,,,,,,0.589092124820863,0.27010761626206264,0.1714602622120808,0.0,0.3763585537266233,0.04254727122596667,0.29277929210903714,0.45063885999188796,0.4583427289077334,0.36532277365426924,,,,,,,,,,0.23258269148058214,0.3396293222727297,0.4381077992065666,0.415931891438984,0.7875969653591853,0.699360698092504,
CL:0002275,0.44857009937821024,0.4167369657593946,0.38277734116209694,,,,,,0.5814454625149234,0.4811224160452242,,,,,0.8193839447194659,,,,0.47588374020419594,,,,,,,,,,,,,,,,,,,,,,,,,,,,,,,,,,,,,,,,,,,,,,,,,,,,,,,,,,,,,,,,,,,,,,,,,,,,,,,,,,,,,0.05151147934202972,0.0817658482779726,0.49791094641027356,0.15059637305892193,0.1714515095347341,0.0,0.558321807225634,,,,,,,,,,,,,,,,,,,,,,,,,,,,,,,,,,,,,,,,,,,,,
CL:0002303,0.3151353322244854,0.655717583835226,0.36580659647277236,,,0.7786278703012534,0.6978664453846605,,0.5284330683152164,,,,,,0.545389899489018,,,,0.5595406288410647,,0.3991532865764387,0.5345223404594754,,,,,,,,,,,,,,,,,,,,,,0.7361536498239091,,,,,,,,,,,,,,,,,,,,,,,,,,,,,,,,0.3538855676064124,0.3028346269225472,0.798571046717577,0.4529677289566825,0.3407198465844885,0.6618141404349727,0.6797836056515071,0.39970575437841055,0.6895081843953389,0.3611675877169551,0.4502314654783574,0.5361586567005888,0.0,0.5539615445894239,0.5475110933931471,0.5927247123665755,0.417336224240045,0.5348996081622993,,,,,,,,,,,,,,,,,,,,,,,,,,,,,,,,,,,,,,,,,,,,,,,,,,,,,,,,,,,,,,
CL:0002320,0.20874307204072834,0.8363155516811013,0.6993370234169346,,,0.8696827985587852,,0.9212031522328168,0.8449457828564283,,,,,0.8245060382568178,0.773568649566705,0.7608750105297182,0.8557802517880669,0.5070744006003559,0.843618899913668,0.8495783913134564,0.8297590073353622,0.868924788172136,0.6586479410316419,0.0,0.6609028931561535,0.8972791199707632,0.8560788496300039,,,,,,,,,,,,,,,,,,,,,,,,,,,,,,,,,,,,,,,,,,,,,,,,,,,,,,,,,,,,,,,,,,,,,,,,,,,,,,,,,,,,,,,,,,,,,,,,,,,,,,,,,,,,,,,,,,,,,,,,,,,,,,,,
CL:0002326,,0.698009990032522,,,,0.8601057899584016,,,0.7498849637520162,0.7254884482413755,,,,,0.6075801085664089,,,,0.6161502659498886,,,,0.6487490261902373,,,,,,,,,,,,,,,,,,,,,,,,,,,,,,,,,0.754344149727826,0.6742174992691263,,,,,,,,,0.8157211899605559,,,0.7207553270428905,0.717670330922308,0.0,0.7997588204049252,,,,,,,,,,,,,,,,,,,,,,,,,,,,,,,,,,,,,,,,,,,,,,,,,,,,,,,,,,,,,,,,,,,,,,,,,,,,,,,,,,,
CL:0002340,0.9152000602127506,0.8744401298799549,1.0,,,0.9986936391759828,0.9778188688767486,0.9263027445982754,,0.9886911468658147,,,,,0.9047038945197983,,,0.9361866680688448,,,,0.9849583179516253,,,,,,,,,,,,,,,,,,,,,,0.8225841642221903,,,,,,,,,,,,,,,,,,0.8856795006621581,,,,,,,,,,,,,,,,,,,,,,,,,,,,,,,,,,,,,,0.8320407757002064,,,,,,0.9262499855176477,,,,,0.7931383528624341,0.6862248754775533,0.0,0.891938111112887,,,,,,,,,,,,,,,,,,,,,,,,,,,,,,,,,,,,,,,,,
CL:0002341,0.6401737151556475,0.6399930348110541,0.6867257117966259,,,0.7755357060458786,0.6750670409541862,0.6432229805573142,,0.6733454202771796,,,,,0.5127822623246512,,,0.6984698897589268,,,,0.6727583859115114,,,,,,,,,,,,,,,,,,,,,,0.36540391099923114,,,,,,,,,,,,,,,,,,0.3240350805156232,,,,,,,,,,,,,,,,,,,,,,,,,,,,,,,,,,,,,,0.5128706880487476,,,,,,0.7486186351367788,,,,,0.3134081764706258,0.4187572899355306,0.6926346835671279,0.0,,,,,,,,,,,,,,,,,,,,,,,,,,,,,,,,,,,,,,,,,
CL:0002363,0.3569937549035584,0.9762193716250551,0.5564760598529787,,,0.9480899873494711,0.9709753849193432,,0.8249166158771786,,,,,,0.9068628072491771,,,,0.9113844113671734,,0.9063024505950807,0.9538166411088866,,,,,,,,,,,,,,,,,,,,,,0.834612313971328,,,,,,,,,,,,,,,,,,,,,,,,,,,,,,,,0.8582227820991197,0.818149743857995,0.9921892781261368,0.825546335632659,0.8237323989879239,0.9220532336417087,0.9244950489062077,0.9016558858097978,0.882120906014105,0.8723968732880452,0.8367207168509166,0.8854198011261939,0.6882727683341673,0.0,0.8366186700119566,0.9103163824562672,0.8966811931208198,0.8032174759488472,,,,,,,,,,,,,,,,,,,,,,,,,,,,,,,,,,,,,,,,,,,,,,,,,,,,,,,,,,,,,,
CL:0002365,0.5069119430470816,,,,0.5055466886381234,0.8929110900159758,0.862717333278638,,0.6995854255573936,0.7241904749232695,,,,,0.6674120353665469,,,,0.5833604891863857,,,0.6346150655945283,,,,,,,,,,,,0.5742639583150911,0.5881920080285278,,,,,,,,,,,,,,,0.5540536980832252,,,,,0.5687382802685005,,0.45310247938128045,,,,,,,,0.6750577053808473,0.5346074713065312,,,0.538414790090028,0.6740945705914684,,,,,,,,,,,,0.7835879944183701,,,,,,,,,,,,,,,,,0.7039531596047395,,,,,,,,,,,,,,,,0.10946244494720693,,0.28817979349368317,,,,0.5530250534239524,0.5680005296301214,0.60303538350166,0.5620485042502584,0.6080019169501039,0.5821358869051517,0.0,0.5759099389762481,,,,,,,,,,,,,,,,,,,,,,,,,,,
CL:0002366,0.7151451040352337,0.9522082617549124,0.7119657867771613,,,0.9638851831175976,,,,0.9496161512663165,,,,,,,,,0.937719216104123,,,,,,,,,,,,,,,,,,,,,,,,,,,,,,,,,,,,,0.14682197539496655,0.7845083081646269,,,,,0.9142141572499225,,0.9490519703360851,,,,,,0.07154593606656656,,,0.9082054791063586,0.8957434321206164,0.0,,,,,,,,,,,,,,,,,,,,,,,,,,,,,,,,,,,,,,,,,,,,,,,,,,,,,,,,,,,,,,,,,,,,,,,,,,,,,,,,
CL:0002370,0.9457963679301716,,,,,0.6349143195058027,,0.7066375590809774,0.5848118603657029,0.6546523340897042,,,,,,,,0.9393227029949286,0.6050425033399999,,0.6166612647841492,0.6597071533465048,0.4684073580939277,,,,,,,,,0.7075872119223421,0.6215661594445631,,,0.6724161100301836,0.6140290114915157,,,,,,,,,,,0.6587707250189662,0.6686705577797155,,0.6368423704030175,,,,,0.9092332677327161,0.6204822228253452,0.9306196721610356,,,,,,,0.809864753937332,0.8307567017098964,,,0.8186227772871866,0.9325413345600857,,,,,,,,,,,,0.6399604742446847,,,,,,,,,,,,,0.8365504555058337,,,,,,,,,,,,,,,,,0.38700398419431276,,,0.6800652759542815,,,,,,,,,,,,,,,,,,,,,,,,,0.7912616091036155,0.5620877067477255,0.48058988530864377,0.0,0.9131828801085486,0.5292523290056008,0.35056664786910535,0.21037952128848397,0.7541334513393086,,,,,,,
CL:0002393,0.8745335217439264,0.881673134439139,0.5522737082437489,,0.9321194564556332,0.47494459414287143,,0.26408892490841107,0.5298398372889038,0.526745439057978,,,,,0.8553747337923014,,,0.8178811275084948,0.6369702462445702,,0.42663935731541724,0.39095028699078266,0.5300361632363738,,,,,0.5057425298657771,,,0.25845421522119927,0.5788840075499113,0.5576210571770224,0.5789262645265997,0.5938728738780215,0.16075993358379193,0.29614829889165084,0.5697765344958337,0.5786311930312817,,0.5693094881618032,,0.45394480221789213,0.7712988998331106,0.5796818776796131,0.8595798243972044,0.5772427809771081,0.6698574449660715,0.6825467693560884,0.5657655615938298,0.0,0.3171952910460938,,,,0.8152593107183205,0.5334574318282705,0.9102963298022463,,,0.2830743052318976,,,,0.7464225621780397,0.7675583508945207,,,0.7475750454576693,0.8569734413488282,,,,,,,,,,,,0.3536654534176918,,,,,,,,,,,,,0.7226474620495345,,,,,,,,,,,,,,,,,0.5245029507932012,,,0.6420999371393661,,,,,,,,,,,,,,,,,,,,,,,,,0.6784905160118696,0.4749461914012893,0.44802793829409154,0.6229346851160427,0.8328388406891545,0.4103212666517574,0.5194130763518748,0.5534641925754039,0.6738666875832848,,,,,,,
CL:0002394,,0.5044294595730587,0.46319780007180295,,0.63092460930463,0.42804654514079554,0.40159618268708447,0.4992640394670389,0.5794951358997258,0.3865726637295014,,,,,0.6783006813465892,,,0.8708191211440016,0.4672360120813479,,0.22877556465884316,0.13984014575359366,,,,,,0.19151657429833205,0.10580044254777306,0.29959478416971513,0.44971666020339707,0.056352094998176686,0.30424804628299545,0.44199208853667415,0.505460471161211,0.35200625173201566,0.3263207835587183,0.38890033104466304,0.38166239534956614,0.1399471448032241,0.24612941642786004,0.5248317106918414,0.0,0.6575090365809783,0.4395236689728332,0.33131229760764846,0.46832379334349844,0.4245537903810179,0.464747972520848,0.26154608347920694,0.3671080852974732,0.19912955155765713,,,0.8210659293594262,,,,,,0.4831053571074686,0.8945731870318345,,,,,,,,,,,,,,,,,,0.8259700840948703,,,,,,,,,,,,,,,,0.8820501424439295,0.8783549172788319,0.28800722049260624,0.8427425520231759,,,,,,,,,,,,,,,,,,,,,,,,,,,,,,,,,,,,,,,,,,,,,,,,,,,,,,,,
CL:0002399,,0.8222024658250233,0.6012010634136059,,0.8159951894523687,0.40681196702645844,,0.3935432355224815,0.6644796151651667,0.5992246237461409,,,,,0.7952450666328323,,,1.0,0.6610327672432029,,,0.14865717814758267,,,,,,0.3858770546129139,,,0.19129037775686447,,0.38985222242053397,0.6045761947871529,0.6279321058502819,0.26609437335028685,0.13962027105361136,0.5976945189476431,0.5986060658159064,,0.4222964068834994,,0.2205921885925027,0.7598054435297819,0.5915181691353952,0.5741559223363516,0.6012628715715516,0.6402179018676605,0.6502229195169597,0.38676156761487446,0.2882810851499784,0.0,,,1.0,,,,,,0.5824301544654107,1.0,,,,,,,,,,,,,,,,,,1.0,,,,,,,,,,,,,,,,1.0,1.0,0.3347554035101235,1.0,,,,,,,,,,,,,,,,,,,,,,,,,,,,,,,,,,,,,,,,,,,,,,,,,,,,,,,,
CL:0002410,0.2285864766743661,0.6251548102247955,0.484968039733634,,,,,,0.691681076668586,0.6058652314755524,,,,,0.9017667721172365,,,,0.7017000328565091,,,,,,,,,,,,,,,,,,,,,,,,,,,,,,,,,,,,,,,,,,,,,,,,,,,,,,,,,,,,,,,,,,,,,,,,,,,,,,,,,,,,,0.591066369361575,0.5827274037625346,0.6223952970334046,0.5882503517668111,0.5459208365225485,0.6144568210656094,0.0,,,,,,,,,,,,,,,,,,,,,,,,,,,,,,,,,,,,,,,,,,,,,
CL:0002503,0.3422131980937272,1.0,1.0,,,1.0,1.0,1.0,1.0,1.0,,,,,,,,0.8774091168123407,1.0,,1.0,1.0,1.0,,1.0,,,,,,,1.0,1.0,1.0,1.0,1.0,1.0,,,,,,,,,,,1.0,1.0,,1.0,,1.0,1.0,1.0,0.9613883696396988,1.0,0.0,1.0,1.0,,,,,1.0,1.0,,,1.0,0.6634581799866652,,,,,,,,,,,,1.0,,,,,,,,,,,,,1.0,,,,,,,,,,,,,,,,,1.0,,,0.8677186408484394,,,,,,,,,,,,,,,,,,,,,,,,,1.0,1.0,1.0,1.0,0.778441903383158,1.0,1.0,1.0,1.0,,,,,,,
CL:0002518,,,0.6927081879675929,,,1.0,,,,1.0,,,,,,,,,0.9705338576867114,,,1.0,,,,,,,,,,,,,,,,,,,,,,,,,,,,,,,,,1.0,,,,,,,,,,,,,,,,,,,,,,,,,,,,,,,,,,,,,,,,,,,,,,,,,,,,,,,,,,,,,,,,,,,,,,,,,,,,,,,,,,,,,,,,,,,,,,,,,,,,0.0
CL:0002538,0.660285617572105,0.374804318440904,0.47557810774540704,0.21659353751603547,0.7812408036413052,0.4409246372469704,0.5603033663901203,0.5857932158112759,0.2982614913076481,0.5970084829299587,0.0,0.6232996509019265,0.3557260495018609,,,,,,,,,,,,,,,,,,,,,,,,,,,,,,,,,,,,,,,,,,,,,,,,,,,,,,,,,,,,,,,,,,,,,,,,,,,,,,,,,,,,,,,,,,,,,,,,,,,,,,,,,,,,,,,,,,,,,,,,,,,,,,,,,,,,,,,,,,,,,,
CL:0002543,0.7049328686933167,0.613120659782457,,,0.3761543065812482,0.7298916400337133,0.8159088438138046,0.8255918278864008,0.7130829293146658,0.6609933047221349,,,,,0.6666364415145769,,,0.829073644976873,0.535630105696147,,0.7514939718864625,0.6285084063004152,0.8631455804864984,,,,,,,,,0.8021084379823508,0.5213655225471051,0.39486780543470723,0.42651273516922766,0.7779481407840657,0.7361104857031622,,,,,,,,,,,0.77937371032652,0.7873278731232487,0.4121533288304938,0.7542830320831289,,,,0.3471362677164628,0.7126313093364507,0.40219534896646875,0.8945522837933907,,,,0.9658386340419421,0.9049636400915942,0.8740777691930822,0.20734973597741285,0.0,0.7517482991820945,0.8474975393618028,0.14710475418638866,0.6760311098428057,0.8726618186272428,0.9149169675964405,,,,,,,,,,0.6856039272083279,,,,,,,,,,,,,0.533662601013096,,,,0.573336455346677,,,,,,,,,,,,,0.7532609754102543,,,0.6769211393939886,,0.5170926019643926,,,,0.3803162785710068,0.37836231254963376,0.371400911410194,0.34134644834955113,0.46603357362181175,0.371122677737938,0.5056012519769947,0.36341128733416084,0.368830225278676,,,,,,,,,,,0.22891037298212322,0.7109622913755661,0.7728434949338964,0.7985596339969222,0.6988408518186476,0.7137659289242765,0.7453325201247176,0.7806889507820775,0.20422867919920074,,,,,,,
CL:0002548,,,,0.9801100182655259,,1.0,,,,,,,,,,,,0.9332888759613562,,,,,,,,,,,,,,,,,,,,,,,,,,,,,,,,,,,,,,,,,,,,,,,,,,,,,,,,,,,,,,,,,,,,,,,,,,,,,,,,,,,0.9646763461737102,0.0,1.0,,,,,,,,,,,,,,,,,,,,,,,,,,,,,,,,,,,,,,,,,,,,,,,,,,,,
CL:0002573,0.6166460592004023,,,,,,,,,,,,,,,,,,,,,,0.5436689669782429,,,,,,,,,,,,,,,,,,,,,,,,,,,,,,,,,0.5776571672645547,0.3212126619298304,,,,,0.8001998378963799,0.5652381333651796,0.6273978980563208,0.6150217157183993,0.6228254347488327,0.0,0.23293336007211676,0.5204127683808909,,,,,,,,,,,,,,,,,,,,,,,,,,,,,,,,,,,,,,,,,,,,,,,,,,,,,,,,,,,,,,,,,,,,,,,,,,,,,,,,,,,,,,
CL:0002585,0.6777847727882904,0.8480538022246721,0.586367483129949,,,0.8201198715586135,0.8135441740188896,,0.6706497670948695,,,,,,0.739920197852199,,,,0.6928410585516773,,0.7379495649423229,0.8009829532992252,,,,,,,,,,,,,,,,,,,,,,0.7841513302365395,,,,,,,,,,,,,,,,,,,,,,,,,,,,,,,,0.7266495215793322,0.4309116741921826,0.8478492519226368,0.717551066432529,0.7816595105166592,0.8576330573411688,0.8068284283532767,0.7532196661305731,0.8693983879726299,0.7457637248426067,0.7734906816792176,0.7632930209427461,0.6235516249815822,0.7668776396592376,0.0,0.9094797892732903,0.7677886999022723,0.7474449221581139,,,,,,,,,,,,,,,,,,,,,,,,,,,,,,,,,,,,,,,,,,,,,,,,,,,,,,,,,,,,,,
CL:0002586,0.8205149092271091,1.0,0.7630067571325144,,,0.9951818199525583,0.9829018233528276,,1.0,,,,,,1.0,,,,1.0,,0.9453517190722043,1.0,,,,,,,,,,,,,,,,,,,,,,0.9491271197711464,,,,,,,,,,,,,,,,,,,,,,,,,,,,,,,,0.9340975911463805,0.9697663523280119,1.0,0.9344878538626675,0.4605125119736842,0.9055228826451726,1.0,0.9568994431311122,0.7231682439322182,0.9188844753770979,0.7946392353261118,0.9773009621044568,0.7422316584139806,0.9174825837419893,1.0,0.0,0.9254933598751142,0.8500453382825401,,,,,,,,,,,,,,,,,,,,,,,,,,,,,,,,,,,,,,,,,,,,,,,,,,,,,,,,,,,,,,
CL:0002598,0.3260882152645913,,,,,0.5574429420195924,,0.7012411158237118,0.5492424193800599,0.6199655955779951,,,,,,,,0.15179751689673004,0.5543732768455792,,0.5771832423501698,0.6269786803002871,0.6116232174415058,,,,,,,,,0.6976794570744439,0.5529782859292942,,,0.6617509217030021,0.5884738981936586,,,,,,,,,,,0.6083366707964366,0.6207665695557489,,0.6351323631403328,,,,,0.192710439360198,0.4122000355994669,0.5403961787840565,,,,,,,0.6240372517568579,0.5423237440090486,,,0.562308770072705,0.12150311536188717,,,,,,,,,,,,0.5591195081935374,,,,,,,,,,,,,0.3308516071311022,,,,,,,,,,,,,,,,,0.6430994447282179,,,0.436341973038193,,,,,,,,,,,,,,,,,,,,,,,,,0.45318340522124884,0.5315158037337017,0.5949874844400408,0.6811952261383748,0.0,0.5115846259206139,0.5627229875276358,0.6526108344067613,0.5146792977264445,,,,,,,
CL:0002623,0.8177316329525594,0.28118393593608265,0.5728615136555257,,,0.5081399946164621,0.45095796520655623,0.16631927793780768,0.5621621397224973,0.38189025877378396,,,,,,,,,0.2659465928254219,,0.2965207952779924,0.24678697122413737,0.472434795330638,,0.4210498336378837,,,,,,,,,0.29639308768889494,0.342304344382508,,,,,,,,,,,,,,,,,,0.34352673839537645,0.5081903936182903,0.34010267461571525,0.7913391031525807,0.6175303727216986,0.8544335763250615,0.0,0.4596411873279327,,,,,,,,,,,,,,,,,,,,,,,,,,,,,,,,,,,,,,,,,,,,,,,,,,,,,,,,,,,,,,,,,,,,,,,,,,,,,,,,,,,,,,,,,,,,,,,
CL:0002673,0.5307298974608068,,,,,,,,,,,,,,,,,,,,,,0.5880607067679193,,,,,,,,,,,,,,,,,,,,,,,,,,,,,,,,,0.5415620906175102,0.44024190819294023,,,,,0.8216997517384115,0.6318846216418214,0.7553866838580477,0.7071209456773784,0.7210195297098324,0.23919185568197707,0.0,0.6237853581188244,,,,,,,,,,,,,,,,,,,,,,,,,,,,,,,,,,,,,,,,,,,,,,,,,,,,,,,,,,,,,,,,,,,,,,,,,,,,,,,,,,,,,,
CL:0002677,0.5986583503434832,,,,0.26912824573746225,0.8087385183079252,0.8090209911563373,,0.5919177537350264,0.5130381317765809,,,,,0.28901891607479346,,,,0.25515039558616676,,,0.37234243828457547,,,,,,,,,,,,0.2766767235613323,0.3407965308605434,,,,,,,,,,,,,,,0.35112858475772574,,,,,0.07239499434644378,,0.41790810448137455,,,,,,,,0.49123375079857884,0.3603433914286356,,,0.4309385817485123,0.6068920901672452,,,,,,,,,,,,0.4933647376809871,,,,,,,,,,,,,,,,,0.48326321382912535,,,,,,,,,,,,,,,,0.4855681554512872,,0.46169978060002875,,,,0.2500611548349016,0.14728257248507567,0.2063297174649383,0.0519182569624783,0.38914463872623534,0.058600298822409094,0.5400647601186742,0.0,,,,,,,,,,,,,,,,,,,,,,,,,,,
CL:0005006,0.6774888332696041,0.4237135476835022,0.5063676960652965,,,0.552281252041436,0.5402909276541995,0.5803717715380892,0.44385843649280354,0.4957392794081185,,,,0.5705026652752988,0.2999508723898756,0.30665485117903335,0.6178738279677829,0.4056758692462863,0.3962641341160701,0.47203265487582735,0.43113625191535854,0.5298966919582808,0.23157909373273078,0.5282211735350257,0.0,0.5337139445494246,0.49158118815923074,,,,,,,0.38704102160595116,0.43264294965820915,,,,,,,,,,,,,,,,,,0.20329675439036757,0.5455114459080667,0.47379701289567033,0.6711400122335704,0.4866812620137571,0.8584797512888657,0.42304371747225605,0.13428836074555456,,,,,,,,,,,,,,,,,,,,,,,,,,,,,,,,,,,,,,,,,,,,,,,,,,,,,,,,,,,,,,,,,,,,,,,,,,,,,,,,,,,,,,,,,,,,,,,
CL:0008011,,0.37172977517515593,,,0.12955046137769027,0.5505019987364912,,,,0.45931251081418745,,,,,0.31955913084205295,,,0.2565857537297345,,,0.41821339210381236,0.42704796089061264,,,,,,,,,,,,,,,,,,,,,,,,,,,,,,,,,,0.32471180257379,0.14096545629490564,,,,,,,,0.29572165612719853,,,,0.3166883844945265,,,,,,,,,,,,,,,,,,,,,,,,,0.28063411853347103,,,,,,,,,,,,,,,,,,,,,0.14364693462749153,0.7886613688288766,0.825885180549273,0.2832532977540264,0.34828424290280735,0.0,,,,,,,,,,,,,,,,,,,,,,,,,,,,,,,,,,,
CL:0009005,0.8740197049744934,0.4390141324227644,0.620966840691667,,,0.5254098839563569,0.552944276503569,0.4683489136069719,0.48628327505248603,0.5467984393550425,,,,,,,,,0.44406968573164085,,0.48480882970721423,0.5124732311776156,0.1745387215172554,,0.14028320480329332,,,,,,,,,0.47273165697652414,0.5066751727951642,,,,,,,,,,,,,,,,,,0.19475252769900953,0.574945230846,0.5323272583942732,0.7106640671144676,0.532209015430174,0.8968036403223647,0.4824340960601053,0.0,,,,,,,,,,,,,,,,,,,,,,,,,,,,,,,,,,,,,,,,,,,,,,,,,,,,,,,,,,,,,,,,,,,,,,,,,,,,,,,,,,,,,,,,,,,,,,,
CL:0009009,0.8234147084971475,,,,,,0.826467281144485,0.5214663269173716,0.6874959484876785,,,,,,0.44820223750780924,,0.41024597242341015,,0.5102991229559026,,0.3903985681880172,0.3952270458086844,,,,,,,,,,,,,,,,,,,,,,,,,,,,,,,,,,,,,,,,,,,,,,,,,,,,,,,,,,,,,,,,,,,,,,,,,,,,,,,,,,,,,,,,,,,,,,,,,,,,,,,,,,,,0.6318993876138258,0.3464330304659482,0.3267412967334751,0.39014136490187223,0.0,0.36532585276831736,0.3848078923248699,0.40201270860731186,0.5004517096961523,0.3007111298431193,,,,,,,,,,,,,,,,
CL:0009011,0.7975498784288716,,,,,,0.8051374521273907,0.48435037489202903,0.7225055698587879,,,,,,0.3287966031018739,,0.2642741404559103,,0.476628256206443,,0.2780130276935271,0.2774755823955785,,,,,,,,,,,,,,,,,,,,,,,,,,,,,,,,,,,,,,,,,,,,,,,,,,,,,,,,,,,,,,,,,,,,,,,,,,,,,,,,,,,,,,,,,,,,,,,,,,,,,,,,,,,,0.5556408782364953,0.12371744196061316,0.14039445757675453,0.04296712385558859,0.35589736339813743,0.0,0.2785094320819844,0.26706326288468163,0.45139012272069123,0.15839346794176531,,,,,,,,,,,,,,,,
CL:0009012,0.7612359189798615,,,,,,0.7214887991528558,0.6933663164611988,0.6612084527423975,,,,,,0.5038600959404571,,0.46155787024753087,,0.5922094427271509,,0.49549078253475004,0.5420582987689183,,,,,,,,,,,,,,,,,,,,,,,,,,,,,,,,,,,,,,,,,,,,,,,,,,,,,,,,,,,,,,,,,,,,,,,,,,,,,,,,,,,,,,,,,,,,,,,,,,,,,,,,,,,,0.5548378141200612,0.2947927433722941,,0.22587234928411593,,,,0.4578727565648014,,0.4536500027865123,,,,,,,,,,0.0,0.24648645575144,0.2249560139594813,0.38835525859602005,0.7048926920551681,0.7360848588503452,
CL:0009016,0.7674208579304427,,,,,,0.7431020951358939,0.5236652945761237,0.5740756091526121,,,,,,0.33330911917311296,,0.30012497686477213,,0.42118752207845495,,0.27748802831197167,0.26916510919214465,,,,,,,,,,,,,,,,,,,,,,,,,,,,,,,,,,,,,,,,,,,,,,,,,,,,,,,,,,,,,,,,,,,,,,,,,,,,,,,,,,,,,,,,,,,,,,,,,,,,,,,,,,,,0.5044897359406955,0.2819290223606288,0.17599328856663166,0.27716693006919113,0.3514186595553208,0.2610816753687809,0.0,0.2570061825863421,0.4476648525312852,0.20073345308915602,,,,,,,,,,,,,,,,
CL:0009017,0.7937975919536892,,,,,,0.7441885567315583,0.7113706576663185,0.6758730454917948,,,,,,0.5940218689431654,,0.6031923895327842,,0.6598883638700201,,0.6029516620711127,0.625739614327809,,,,,,,,,,,,,,,,,,,,,,,,,,,,,,,,,,,,,,,,,,,,,,,,,,,,,,,,,,,,,,,,,,,,,,,,,,,,,,,,,,,,,,,,,,,,,,,,,,,,,,,,,,,,0.6766076144139648,0.49052769856567985,,0.3453969674953688,,,,0.5888852012844877,,0.680765272730583,,,,,,,,,,0.25811944631639855,0.0,0.29518436825006067,0.5444606260316619,0.7541778933975138,0.7971626405362388,
CL:0010008,,,,1.0,,0.9844255884584711,,,,,,,,,,,,1.0,,,,,,,,,,,,,,,,,,,,,,,,,,,,,,,,,,,,,,,,,,,,,,,,,,,,,,,,,,,,,,,,,,,,,,,,,,,,,,,,,,,1.0,1.0,0.0,,,,,,,,,,,,,,,,,,,,,,,,,,,,,,,,,,,,,,,,,,,,,,,,,,,,
CL:0017000,0.7375365074901523,,,,,0.2556379731459896,,0.5147615380994283,0.1422073990170581,0.3965326322187667,,,,,,,,0.58233938260745,0.18331944111419013,,0.27917811644959745,0.40481647129396053,0.25442391453136065,,,,,,,,,0.4669723798960976,0.1916362953565336,,,0.4333996846243939,0.261859146252949,,,,,,,,,,,0.3599485471720805,0.3937072465831149,,0.36979188828631326,,,,,0.5656193512966252,0.2645538536477193,0.8203820422092946,,,,,,,0.641899568592095,0.6545852724753152,,,0.6329435490015152,0.6710368478658736,,,,,,,,,,,,0.22011014566426235,,,,,,,,,,,,,0.42919698753343366,,,,,,,,,,,,,,,,,0.3565087996795471,,,0.4081123744030126,,,,,,,,,,,,,,,,,,,,,,,,,0.5461775881912342,0.1924816272965194,0.25338204059503816,0.4665591320516461,0.6045713553369924,0.0,0.2109448437332198,0.38544638589981,0.5547013068900423,,,,,,,
CL:0019032,0.7540418212083213,,,,,,0.7456418854891707,0.5640752126760702,0.5884855082353406,,,,,,0.321735798789348,,0.3624014193230321,,0.4264772690992764,,0.20526194183517038,0.2585382752736719,,,,,,,,,,,,,,,,,,,,,,,,,,,,,,,,,,,,,,,,,,,,,,,,,,,,,,,,,,,,,,,,,,,,,,,,,,,,,,,,,,,,,,,,,,,,,,,,,,,,,,,,,,,,0.5076794463510025,0.4001778086256276,0.22905223240846143,0.4434146714897668,0.4058111199052983,0.27672853739499725,0.2840840721529841,0.0,0.48315823459487345,0.34502595749405085,,,,,,,,,,0.45061059532256387,0.553426016334215,0.3310926129505904,0.5382047544687604,0.5934810663290347,0.7491622196654708,
CL:1000271,0.7802916061799744,,,,,0.3922689511157269,,0.6008591298338626,0.289528832523888,0.4760032226029271,,,,,,,,0.6732170857124193,0.3293239069095454,,0.3888214097595399,0.48276154424088585,0.18706779802469398,,,,,,,,,0.5370457127042556,0.32770501575050187,,,0.5293460900291249,0.40071549128238126,,,,,,,,,,,0.4576245680025576,0.48045444773225743,,0.4765554717502539,,,,,0.6635094270684889,0.35606198171998915,0.835186322085494,,,,,,,0.709575008398034,0.6958693611221594,,,0.6941271800400277,0.7359567007543559,,,,,,,,,,,,0.3732030791932024,,,,,,,,,,,,,0.5385247835102138,,,,,,,,,,,,,,,,,0.3159094994423702,,,0.45436855656738984,,,,,,,,,,,,,,,,,,,,,,,,,0.6006484181424622,0.2971320418596898,0.2961547297021017,0.3146166775088053,0.6770051406456187,0.21475146838416637,0.0,0.27662875154443545,0.5893960187544904,,,,,,,
CL:1000320,0.882100285736111,,,,,,0.880656492572578,0.6326265423284655,0.7356115007048045,,,,,,0.6608111606506242,,0.35625229469656267,,0.6172780867488687,,0.5634701907884863,0.5639576827886572,,,,,,,,,,,,,,,,,,,,,,,,,,,,,,,,,,,,,,,,,,,,,,,,,,,,,,,,,,,,,,,,,,,,,,,,,,,,,,,,,,,,,,,,,,,,,,,,,,,,,,,,,,,,0.7357505901730275,0.5208205150731969,0.48974824414467916,0.5062807682000824,0.5332649669478141,0.49372891697778454,0.5223396901441061,0.5100187013588801,0.0,0.5017462370540379,,,,,,,,,,,,,,,,
CL:1000329,0.8358520408457843,0.8064576649770685,0.803129570089333,,,0.8454493338114916,,0.863265888051394,0.750733828249551,,,,,0.6407161882023555,0.7757300848031373,0.36895004538764803,0.2637046778565098,0.789334322206751,0.7676717932056264,0.1049611279131502,0.7993806482931886,0.8421511671406499,0.6494940557235834,0.8408465108419114,0.6257769496065142,0.0,0.10429703246190494,,,,,,,,,,,,,,,,,,,,,,,,,,,,,,,,,,,,,,,,,,,,,,,,,,,,,,,,,,,,,,,,,,,,,,,,,,,,,,,,,,,,,,,,,,,,,,,,,,,,,,,,,,,,,,,,,,,,,,,,,,,,,,,,
CL:1000330,0.7774807673897415,0.758677457169877,0.7369680714109444,,,0.7847563804772559,,0.842332812412334,0.711529647144115,,,,,0.6174572784867133,0.7176680236219138,0.34186395781239654,0.27424206573429466,0.7373060267704711,0.7107335833169346,0.1326043203233359,0.7468873386243121,0.8090003654410678,0.6107708941089559,0.7827842352772492,0.5624001210170165,0.10176796499882852,0.0,,,,,,,,,,,,,,,,,,,,,,,,,,,,,,,,,,,,,,,,,,,,,,,,,,,,,,,,,,,,,,,,,,,,,,,,,,,,,,,,,,,,,,,,,,,,,,,,,,,,,,,,,,,,,,,,,,,,,,,,,,,,,,,,
CL:1000331,0.901195861785377,,,,,0.5354824120969605,,0.6557613450700686,0.4584516815520608,0.5691091112972501,,,,,,,,0.8687235768176288,0.4909115017049138,,0.5131173801751086,0.5762445996182335,0.4246190486543988,,,,,,,,,0.6364301300397724,0.5096708195965515,,,0.605243717627107,0.5011079578451428,,,,,,,,,,,0.5652541835650247,0.5799368103136892,,0.5518316958715214,,,,,0.8471586673392367,0.5435591828668961,0.9076113218507047,,,,,,,0.7790571619733393,0.7920857655953549,,,0.7801739232443226,0.8886887556442739,,,,,,,,,,,,0.536071815557738,,,,,,,,,,,,,0.7364675943985264,,,,,,,,,,,,,,,,,0.18977008767155054,,,0.5768016058951784,,,,,,,,,,,,,,,,,,,,,,,,,0.7261677788684664,0.39426538472025535,0.2976399608550666,0.20517816366761527,0.8532339365652662,0.42642998726178105,0.3006172158378023,0.0,0.6929528223999973,,,,,,,
CL:1000334,0.7482020945426302,,,,,,0.7025946435808603,0.6537525561612798,0.5704439293634781,,,,,,0.44805714819694314,,0.5316607517354314,,0.5442484257519428,,0.4161919328566276,0.4634182386040902,,,,,,,,,,,,,,,,,,,,,,,,,,,,,,,,,,,,,,,,,,,,,,,,,,,,,,,,,,,,,,,,,,,,,,,,,,,,,,,,,,,,,,,,,,,,,,,,,,,,,,,,,,,,0.5506914892410514,0.3929206196619653,,0.43049153671365215,,,,0.34040101946122053,,0.5027498505241964,,,,,,,,,,0.22761221456161176,0.28520927641034965,0.0,0.4662475540492585,0.666559069358912,0.770224321960374,
CL:1000343,0.7592015289600943,,,,,,0.7153106940156801,0.7183116394090748,0.7262955745414018,,,,,,0.5842318704827608,,0.39021953172950724,,0.6677133743432058,,0.5815997762494891,0.6226801729316975,,,,,,,,,,,,,,,,,,,,,,,,,,,,,,,,,,,,,,,,,,,,,,,,,,,,,,,,,,,,,,,,,,,,,,,,,,,,,,,,,,,,,,,,,,,,,,,,,,,,,,,,,,,,0.5538897860339532,0.3477311162583311,,0.4028521629725344,,,,0.545417082923286,,0.3207194094839618,,,,,,,,,,0.38731738578614183,0.518533256229557,0.4595750170640708,0.0,0.7214736702580226,0.4788077098727498,
CL:1000398,0.6230024235542728,0.8215888153794308,0.7923223222964122,0.8312156680391499,0.9688136301443516,0.7675233677511132,0.8069153329289601,0.8060693385274501,0.7865017854737872,0.8222498556748055,0.7729514314196729,0.0,0.7586498359048608,,,,,,,,,,,,,,,,,,,,,,,,,,,,,,,,,,,,,,,,,,,,,,,,,,,,,,,,,,,,,,,,,,,,,,,,,,,,,,,,,,,,,,,,,,,,,,,,,,,,,,,,,,,,,,,,,,,,,,,,,,,,,,,,,,,,,,,,,,,,,,
CL:1000413,0.6679255937367083,0.5779760712595922,0.15515006358205383,,0.5978792033768415,0.6795727949922923,0.813376897599881,0.8167334875723371,0.6778324727609324,0.6365281248070329,,,,,0.5474969824578712,,,0.5085155320752189,0.5827942577168097,,0.5825536660328663,0.5738831467568302,0.809540447064228,,,,,,,,,0.7977409289125748,0.7754264468606507,0.44994252303540555,0.467977928835806,0.780736861191217,0.7340686692761433,,,,,,,,,,,0.7726980623318163,0.7805710534686555,0.45230632495146816,0.7526988438318482,,,,0.41256625683598436,0.5156155961299642,0.34948969378063893,0.9165354022311639,,,,0.6818034964261206,0.832590693663078,0.828464210026913,0.16871578968621084,0.14668476586317108,0.6221598842383025,0.7262305955671468,0.0,0.6542077134800552,0.7460183414353798,0.8505520619551702,,,,,,,,,,0.7028401748464452,,,,,,,,,,,,0.35396584177949064,0.7512650262635453,,,,0.6010928521136539,,,,,,,,,,,,,0.7547312468156364,,,0.5449488100319889,0.8574992560242484,0.7114544542268812,0.3681935097336384,0.17005314559824355,0.3368448536561529,0.4359686834166961,0.4463048531191384,0.42085928494491504,0.4104844108516591,0.4998248192516862,0.43570606663376676,0.5076218301086056,0.4332588282755238,,,,,,,,,,,,0.37204593659187923,0.7049866620994656,0.7648344102940711,0.8062335010759065,0.7424001283186688,0.7071280701262913,0.7617367733812652,0.7878449765180673,0.3651458581114838,,,,,,,
CL:1000432,0.5574548094349594,0.6196262086107411,0.6637477847736631,,,0.7895496542636509,0.6382482108883999,,0.47187375890248023,,,,,,0.5064064169167293,,,,0.4661264040632642,,0.3927119464829916,0.4801883861698852,,,,,,,,,,,,,,,,,,,,,,0.7297783689463452,,,,,,,,,,,,,,,,,,,,,,,,,,,,,,,,0.1428680345615366,0.40905108483137104,0.774793083307467,0.3973778203500501,0.4829130999584064,0.6188362679550966,0.6757804027747236,0.24664116053857987,0.7180034638828326,0.08514101276390543,0.41202524124698364,0.37834177584685935,0.4049097713771694,0.7002115439848321,0.654085314640409,0.7170658538782269,0.0,0.5249084436643151,,,,,,,,,,,,,,,,,,,,,,,,,,,,,,,,,,,,,,,,,,,,,,,,,,,,,,,,,,,,,,
CL:1000436,0.6253052440107105,0.7867272822527187,0.5385197826207245,,,0.7517097378413541,0.6683295714402542,,0.4734104827546321,,,,,,0.5966455531393267,,,,0.6233222205346596,,0.5718184755884329,0.7089644001984763,,,,,,,,,,,,,,,,,,,,,,0.3986046532607957,,,,,,,,,,,,,,,,,,,,,,,,,,,,,,,,0.5735747014741596,0.6568548334581898,0.8268124881629271,0.4242917981292466,0.6031884949254507,0.7488915285263399,0.6960906800290905,0.616950411161623,0.7918371870630123,0.5756235345661859,0.6346945546144898,0.6137259661287559,0.5538163169825714,0.6693382547727795,0.6795058044644389,0.7028281011966842,0.5601506592071553,0.0,,,,,,,,,,,,,,,,,,,,,,,,,,,,,,,,,,,,,,,,,,,,,,,,,,,,,,,,,,,,,,
CL:1000495,0.8886754560804594,,,,,,0.8976262829560525,0.9144255654093766,0.8030476295234728,,,,,,0.8141804662301292,,0.5084692872972209,,0.8082889804268647,,0.77384736880707,0.7938542557236089,,,,,,,,,,,,,,,,,,,,,,,,,,,,,,,,,,,,,,,,,,,,,,,,,,,,,,,,,,,,,,,,,,,,,,,,,,,,,,,,,,,,,,,,,,,,,,,,,,,,,,,,,,,,0.8678165937770268,0.8831466249439772,,0.8929222081483709,,,,0.7040024756328231,,0.9581218764791826,,,,,,,,,,0.8228997331594402,0.8407561384587586,0.7690677482884949,0.8445135033445014,0.0,0.8738321428392535,
CL:1001428,0.5529693236497106,0.42835843983781563,,,,0.5139427182740552,,,0.632743708203739,0.4845878141035865,,,,,0.5970044787967169,,,0.865239894541416,0.3814850639364654,,,,,,,,,,,,,,0.44950448644802016,,,,,,,,,,,,,,,,,,,,,,,0.8295526137189995,0.34492970293537883,,,,,,,,0.3868915847275756,0.37811055785261544,,,,,,,,,,,,,,,,,,,,,,,,,,,,,0.5178947377205595,,,,,,,,,,,,,,,,,,,,,,,,,,,,,,,,,,0.0,,,,,,,,,,,,,,,,,,,,,,,,,,
CL:1001516,0.6962427585208888,,,,,,0.6732611508878965,0.544761518892767,0.6576961370307141,,,,,,0.34467400509660506,,0.31353112589615184,,0.4935264438718678,,0.3146610970545559,0.34629153571616916,,,,,,,,,,,,,,,,,,,,,,,,,,,,,,,,,,,,,,,,,,,,,,,,,,,,,,,,,,,,,,,,,,,,,,,,,,,,,,,,,,,,,,,,,,,,,,,,,,,,,,,,,,,,0.40922605429462955,0.25406809277373743,0.12611418062008592,0.3073384142554883,0.2771977777004041,0.14987636293294965,0.20261852535273053,0.2987217174341285,0.4340537270649061,0.0,,,,,,,,,,0.37681621095712264,0.5399808883097872,0.4127267848032708,0.2671136625518892,0.6817191648872946,0.6169420656923413,
CL:1001589,1.0,,,,,,1.0,1.0,1.0,,,,,,1.0,,0.8205539375655969,,1.0,,1.0,1.0,,,,,,,,,,,,,,,,,,,,,,,,,,,,,,,,,,,,,,,,,,,,,,,,,,,,,,,,,,,,,,,,,,,,,,,,,,,,,,,,,,,,,,,,,,,,,,,,,,,,,,,,,,,,1.0,0.923948150326942,,0.8922111110076895,,,,1.0,,0.9757003271009482,,,,,,,,,,0.9669602294079588,1.0,1.0,0.6306727418325803,0.9832972620773471,0.0,
CL:2000016,0.7860434195372503,,,,,0.6525698848654067,,0.7553119661983638,0.5987685279270661,0.6869193737158981,,,,,,,,0.753226021392848,0.6235194354536243,,0.6444129067298233,0.6941013759010157,0.6427847514485245,,,,,,,,,0.7134285323908731,0.6322196935523667,,,0.6857823754787533,0.6203051056198193,,,,,,,,,,,0.6810594500169584,0.6936076834321059,,0.6547530312821402,,,,,0.6803799547716909,0.395826111874742,0.8844765474912487,,,,,,,0.5042430607177738,0.20192836165015832,,,0.3523736749578588,0.7002107923722529,,,,,,,,,,,,0.6390243855038731,,,,,,,,,,,,,0.6594693158831902,,,,,,,,,,,,,,,,,0.6391335006375708,,,0.785794543563254,,,,,,,,,,,,,,,,,,,,,,,,,0.12501485318682712,0.5897292781957355,0.6550624023706094,0.7167410826802623,0.6557479747330961,0.5980388057809558,0.6241804277533357,0.6752896368468656,0.0,,,,,,,
CL:2000055,0.6355505003670542,0.34153907643019166,0.2764651927051474,0.3828054071592398,0.7762941281043928,0.18144222016367967,0.3561500448070294,0.3706063828645694,0.14666920797867025,0.48307129239032176,0.3534736564641295,0.607893401347537,0.0,,,,,,,,,,,,,,,,,,,,,,,,,,,,,,,,,,,,,,,,,,,,,,,,,,,,,,,,,,,,,,,,,,,,,,,,,,,,,,,,,,,,,,,,,,,,,,,,,,,,,,,,,,,,,,,,,,,,,,,,,,,,,,,,,,,,,,,,,,,,,,
CL:4006000,,1.0,,,,0.958785595082772,,,1.0,1.0,,,,,0.9883941155652508,,,,1.0,,,,0.8026189560534015,,,,,,,,,,,,,,,,,,,,,,,,,,,,,,,,,0.5167203047110406,0.6857275180205986,,,,,,,,,0.9536470959916746,,,0.9163249187335513,0.6306056592724683,0.891803716655519,0.0,,,,,,,,,,,,,,,,,,,,,,,,,,,,,,,,,,,,,,,,,,,,,,,,,,,,,,,,,,,,,,,,,,,,,,,,,,,,,,,,,,,
